,DATA No,DATE,TIME,SensorId,Value
1,1,2020/05/12,07:00:00,1,0.0
3,3,2020/05/12,07:00:15,1,0.0
5,5,2020/05/12,07:00:30,1,0.0
7,7,2020/05/12,07:00:45,1,0.0
9,9,2020/05/12,07:01:00,1,0.0
11,11,2020/05/12,07:01:15,1,0.0
13,13,2020/05/12,07:01:30,1,0.0
15,15,2020/05/12,07:01:45,1,0.0
17,17,2020/05/12,07:02:00,1,0.0
19,19,2020/05/12,07:02:15,1,0.0
21,21,2020/05/12,07:02:30,1,0.0
23,23,2020/05/12,07:02:45,1,0.0
25,25,2020/05/12,07:03:00,1,0.0
27,27,2020/05/12,07:03:15,1,0.0
29,29,2020/05/12,07:03:30,1,0.0
31,31,2020/05/12,07:03:45,1,0.0
33,33,2020/05/12,07:04:00,1,0.0
35,35,2020/05/12,07:04:15,1,0.0
37,37,2020/05/12,07:04:30,1,0.0
39,39,2020/05/12,07:04:45,1,0.0
41,41,2020/05/12,07:05:00,1,0.0
43,43,2020/05/12,07:05:15,1,0.0
45,45,2020/05/12,07:05:30,1,0.0
47,47,2020/05/12,07:05:45,1,0.0
49,49,2020/05/12,07:06:00,1,0.0
51,51,2020/05/12,07:06:15,1,0.0
53,53,2020/05/12,07:06:30,1,0.0
55,55,2020/05/12,07:06:45,1,0.0
57,57,2020/05/12,07:07:00,1,0.0
59,59,2020/05/12,07:07:15,1,0.0
61,61,2020/05/12,07:07:30,1,0.0
63,63,2020/05/12,07:07:45,1,0.0
65,65,2020/05/12,07:08:00,1,0.0
67,67,2020/05/12,07:08:15,1,0.0
69,69,2020/05/12,07:08:30,1,0.0
71,71,2020/05/12,07:08:45,1,0.0
73,73,2020/05/12,07:09:00,1,0.0
75,75,2020/05/12,07:09:15,1,0.0
77,77,2020/05/12,07:09:30,1,0.0
79,79,2020/05/12,07:09:45,1,0.0
81,81,2020/05/12,07:10:00,1,0.0
83,83,2020/05/12,07:10:15,1,0.0
85,85,2020/05/12,07:10:30,1,0.0
87,87,2020/05/12,07:10:45,1,0.0
89,89,2020/05/12,07:11:00,1,0.0
91,91,2020/05/12,07:11:15,1,0.0
93,93,2020/05/12,07:11:30,1,0.0
95,95,2020/05/12,07:11:45,1,0.0
97,97,2020/05/12,07:12:00,1,0.0
99,99,2020/05/12,07:12:15,1,0.0
101,101,2020/05/12,07:12:30,1,0.0
103,103,2020/05/12,07:12:45,1,0.0
105,105,2020/05/12,07:13:00,1,0.0
107,107,2020/05/12,07:13:15,1,0.0
109,109,2020/05/12,07:13:30,1,0.0
111,111,2020/05/12,07:13:45,1,0.0
113,113,2020/05/12,07:14:00,1,0.0
115,115,2020/05/12,07:14:15,1,0.0
117,117,2020/05/12,07:14:30,1,0.0
119,119,2020/05/12,07:14:45,1,0.0
121,121,2020/05/12,07:15:00,1,0.0
123,123,2020/05/12,07:15:15,1,0.0
125,125,2020/05/12,07:15:30,1,0.0
127,127,2020/05/12,07:15:45,1,0.0
129,129,2020/05/12,07:16:00,1,0.0
131,131,2020/05/12,07:16:15,1,0.0
133,133,2020/05/12,07:16:30,1,0.0
135,135,2020/05/12,07:16:45,1,0.0
137,137,2020/05/12,07:17:00,1,0.0
139,139,2020/05/12,07:17:15,1,0.0
141,141,2020/05/12,07:17:30,1,0.0
143,143,2020/05/12,07:17:45,1,0.0
145,145,2020/05/12,07:18:00,1,0.0
147,147,2020/05/12,07:18:15,1,0.0
149,149,2020/05/12,07:18:30,1,0.0
151,151,2020/05/12,07:18:45,1,0.0
153,153,2020/05/12,07:19:00,1,0.0
155,155,2020/05/12,07:19:15,1,0.0
157,157,2020/05/12,07:19:30,1,0.0
159,159,2020/05/12,07:19:45,1,0.0
161,161,2020/05/12,07:20:00,1,0.0
163,163,2020/05/12,07:20:15,1,0.0
165,165,2020/05/12,07:20:30,1,0.0
167,167,2020/05/12,07:20:45,1,0.0
169,169,2020/05/12,07:21:00,1,0.0
171,171,2020/05/12,07:21:15,1,0.0
173,173,2020/05/12,07:21:30,1,0.0
175,175,2020/05/12,07:21:45,1,0.0
177,177,2020/05/12,07:22:00,1,0.0
179,179,2020/05/12,07:22:15,1,0.0
181,181,2020/05/12,07:22:30,1,0.0
183,183,2020/05/12,07:22:45,1,0.0
185,185,2020/05/12,07:23:00,1,0.0
187,187,2020/05/12,07:23:15,1,0.0
189,189,2020/05/12,07:23:30,1,0.0
191,191,2020/05/12,07:23:45,1,0.0
193,193,2020/05/12,07:24:00,1,0.0
195,195,2020/05/12,07:24:15,1,0.0
197,197,2020/05/12,07:24:30,1,0.0
199,199,2020/05/12,07:24:45,1,0.0
201,201,2020/05/12,07:25:00,1,0.0
203,203,2020/05/12,07:25:15,1,0.0
205,205,2020/05/12,07:25:30,1,0.0
207,207,2020/05/12,07:25:45,1,0.0
209,209,2020/05/12,07:26:00,1,0.0
211,211,2020/05/12,07:26:15,1,0.0
213,213,2020/05/12,07:26:30,1,0.0
215,215,2020/05/12,07:26:45,1,0.0
217,217,2020/05/12,07:27:00,1,0.0
219,219,2020/05/12,07:27:15,1,0.0
221,221,2020/05/12,07:27:30,1,0.0
223,223,2020/05/12,07:27:45,1,0.0
225,225,2020/05/12,07:28:00,1,0.0
227,227,2020/05/12,07:28:15,1,0.0
229,229,2020/05/12,07:28:30,1,0.0
231,231,2020/05/12,07:28:45,1,0.0
233,233,2020/05/12,07:29:00,1,0.0
235,235,2020/05/12,07:29:15,1,0.0
237,237,2020/05/12,07:29:30,1,0.0
239,239,2020/05/12,07:29:45,1,0.0
241,241,2020/05/12,07:30:00,1,0.0
243,243,2020/05/12,07:30:15,1,0.0
245,245,2020/05/12,07:30:30,1,0.0
247,247,2020/05/12,07:30:45,1,0.0
249,249,2020/05/12,07:31:00,1,0.0
251,251,2020/05/12,07:31:15,1,0.0
253,253,2020/05/12,07:31:30,1,0.0
255,255,2020/05/12,07:31:45,1,0.0
257,257,2020/05/12,07:32:00,1,0.0
259,259,2020/05/12,07:32:15,1,0.0
261,261,2020/05/12,07:32:30,1,0.0
263,263,2020/05/12,07:32:45,1,0.0
265,265,2020/05/12,07:33:00,1,0.0
267,267,2020/05/12,07:33:15,1,0.0
269,269,2020/05/12,07:33:30,1,0.0
271,271,2020/05/12,07:33:45,1,0.0
273,273,2020/05/12,07:34:00,1,0.0
275,275,2020/05/12,07:34:15,1,0.0
277,277,2020/05/12,07:34:30,1,0.0
279,279,2020/05/12,07:34:45,1,0.0
281,281,2020/05/12,07:35:00,1,0.0
283,283,2020/05/12,07:35:15,1,0.0
285,285,2020/05/12,07:35:30,1,0.0
287,287,2020/05/12,07:35:45,1,0.0
289,289,2020/05/12,07:36:00,1,0.0
291,291,2020/05/12,07:36:15,1,0.0
293,293,2020/05/12,07:36:30,1,0.0
295,295,2020/05/12,07:36:45,1,0.0
297,297,2020/05/12,07:37:00,1,0.0
299,299,2020/05/12,07:37:15,1,0.0
301,301,2020/05/12,07:37:30,1,0.0
303,303,2020/05/12,07:37:45,1,0.0
305,305,2020/05/12,07:38:00,1,0.0
307,307,2020/05/12,07:38:15,1,0.0
309,309,2020/05/12,07:38:30,1,0.0
311,311,2020/05/12,07:38:45,1,0.0
313,313,2020/05/12,07:39:00,1,0.0
315,315,2020/05/12,07:39:15,1,0.0
317,317,2020/05/12,07:39:30,1,0.0
319,319,2020/05/12,07:39:45,1,0.0
321,321,2020/05/12,07:40:00,1,0.0
323,323,2020/05/12,07:40:15,1,0.0
325,325,2020/05/12,07:40:30,1,0.0
327,327,2020/05/12,07:40:45,1,0.0
329,329,2020/05/12,07:41:00,1,0.0
331,331,2020/05/12,07:41:15,1,0.0
333,333,2020/05/12,07:41:30,1,0.0
335,335,2020/05/12,07:41:45,1,0.0
337,337,2020/05/12,07:42:00,1,0.0
339,339,2020/05/12,07:42:15,1,0.0
341,341,2020/05/12,07:42:30,1,0.0
343,343,2020/05/12,07:42:45,1,0.0
345,345,2020/05/12,07:43:00,1,0.0
347,347,2020/05/12,07:43:15,1,0.0
349,349,2020/05/12,07:43:30,1,0.0
351,351,2020/05/12,07:43:45,1,0.0
353,353,2020/05/12,07:44:00,1,0.0
355,355,2020/05/12,07:44:15,1,0.0
357,357,2020/05/12,07:44:30,1,0.0
359,359,2020/05/12,07:44:45,1,0.0
361,361,2020/05/12,07:45:00,1,0.0
363,363,2020/05/12,07:45:15,1,0.0
365,365,2020/05/12,07:45:30,1,0.0
367,367,2020/05/12,07:45:45,1,0.0
369,369,2020/05/12,07:46:00,1,0.0
371,371,2020/05/12,07:46:15,1,0.0
373,373,2020/05/12,07:46:30,1,0.0
375,375,2020/05/12,07:46:45,1,0.0
377,377,2020/05/12,07:47:00,1,0.0
379,379,2020/05/12,07:47:15,1,0.0
381,381,2020/05/12,07:47:30,1,0.0
383,383,2020/05/12,07:47:45,1,0.0
385,385,2020/05/12,07:48:00,1,0.0
387,387,2020/05/12,07:48:15,1,0.0
389,389,2020/05/12,07:48:30,1,0.0
391,391,2020/05/12,07:48:45,1,0.0
393,393,2020/05/12,07:49:00,1,0.0
395,395,2020/05/12,07:49:15,1,0.0
397,397,2020/05/12,07:49:30,1,0.0
399,399,2020/05/12,07:49:45,1,0.0
401,401,2020/05/12,07:50:00,1,0.0
403,403,2020/05/12,07:50:15,1,0.0
405,405,2020/05/12,07:50:30,1,0.0
407,407,2020/05/12,07:50:45,1,0.0
409,409,2020/05/12,07:51:00,1,0.0
411,411,2020/05/12,07:51:15,1,0.0
413,413,2020/05/12,07:51:30,1,0.0
415,415,2020/05/12,07:51:45,1,0.0
417,417,2020/05/12,07:52:00,1,0.0
419,419,2020/05/12,07:52:15,1,0.0
421,421,2020/05/12,07:52:30,1,0.0
423,423,2020/05/12,07:52:45,1,115.8594
425,425,2020/05/12,07:53:00,1,53.98438
427,427,2020/05/12,07:53:15,1,115.7813
429,429,2020/05/12,07:53:30,1,37.5
431,431,2020/05/12,07:53:45,1,72.73438
433,433,2020/05/12,07:54:00,1,112.0313
435,435,2020/05/12,07:54:15,1,0.0
437,437,2020/05/12,07:54:30,1,89.14063
439,439,2020/05/12,07:54:45,1,107.5781
441,441,2020/05/12,07:55:00,1,76.32813
443,443,2020/05/12,07:55:15,1,116.5625
445,445,2020/05/12,07:55:30,1,0.0
447,447,2020/05/12,07:55:45,1,58.35938
449,449,2020/05/12,07:56:00,1,88.20313
451,451,2020/05/12,07:56:15,1,110.1563
453,453,2020/05/12,07:56:30,1,12.65625
455,455,2020/05/12,07:56:45,1,116.7188
457,457,2020/05/12,07:57:00,1,82.8125
459,459,2020/05/12,07:57:15,1,27.03125
461,461,2020/05/12,07:57:30,1,0.0
463,463,2020/05/12,07:57:45,1,16.640629999999998
465,465,2020/05/12,07:58:00,1,73.90624
467,467,2020/05/12,07:58:15,1,26.40625
469,469,2020/05/12,07:58:30,1,89.45313
471,471,2020/05/12,07:58:45,1,111.5625
473,473,2020/05/12,07:59:00,1,40.70313
475,475,2020/05/12,07:59:15,1,116.7969
477,477,2020/05/12,07:59:30,1,112.5781
1,1,2020/05/12,08:00:00,1,109.0625
3,3,2020/05/12,08:00:15,1,30.078129999999998
5,5,2020/05/12,08:00:30,1,114.375
7,7,2020/05/12,08:00:45,1,0.0
9,9,2020/05/12,08:01:00,1,116.7188
11,11,2020/05/12,08:01:15,1,52.10938
13,13,2020/05/12,08:01:30,1,115.4688
15,15,2020/05/12,08:01:45,1,12.10938
17,17,2020/05/12,08:02:00,1,115.1563
19,19,2020/05/12,08:02:15,1,85.54688
21,21,2020/05/12,08:02:30,1,0.0
23,23,2020/05/12,08:02:45,1,75.78126
25,25,2020/05/12,08:03:00,1,115.5469
27,27,2020/05/12,08:03:15,1,11.64063
29,29,2020/05/12,08:03:30,1,78.28125
31,31,2020/05/12,08:03:45,1,17.734379999999998
33,33,2020/05/12,08:04:00,1,0.0
35,35,2020/05/12,08:04:15,1,29.53125
37,37,2020/05/12,08:04:30,1,115.7031
39,39,2020/05/12,08:04:45,1,16.328129999999998
41,41,2020/05/12,08:05:00,1,116.0938
43,43,2020/05/12,08:05:15,1,71.5625
45,45,2020/05/12,08:05:30,1,21.484379999999998
47,47,2020/05/12,08:05:45,1,0.0
49,49,2020/05/12,08:06:00,1,116.5625
51,51,2020/05/12,08:06:15,1,102.6563
53,53,2020/05/12,08:06:30,1,115.9375
55,55,2020/05/12,08:06:45,1,112.1875
57,57,2020/05/12,08:07:00,1,75.39063
59,59,2020/05/12,08:07:15,1,0.0
61,61,2020/05/12,08:07:30,1,102.5781
63,63,2020/05/12,08:07:45,1,0.0
65,65,2020/05/12,08:08:00,1,101.1719
67,67,2020/05/12,08:08:15,1,0.0
69,69,2020/05/12,08:08:30,1,44.45313
71,71,2020/05/12,08:08:45,1,75.07813
73,73,2020/05/12,08:09:00,1,0.0
75,75,2020/05/12,08:09:15,1,31.71875
77,77,2020/05/12,08:09:30,1,89.6875
79,79,2020/05/12,08:09:45,1,0.0
81,81,2020/05/12,08:10:00,1,45.3125
83,83,2020/05/12,08:10:15,1,113.2031
85,85,2020/05/12,08:10:30,1,0.0
87,87,2020/05/12,08:10:45,1,29.296879999999998
89,89,2020/05/12,08:11:00,1,115.7813
91,91,2020/05/12,08:11:15,1,0.0
93,93,2020/05/12,08:11:30,1,115.0781
95,95,2020/05/12,08:11:45,1,70.46875
97,97,2020/05/12,08:12:00,1,58.35938
99,99,2020/05/12,08:12:15,1,0.0
101,101,2020/05/12,08:12:30,1,112.3438
103,103,2020/05/12,08:12:45,1,21.5625
105,105,2020/05/12,08:13:00,1,115.625
107,107,2020/05/12,08:13:15,1,0.0
109,109,2020/05/12,08:13:30,1,115.2344
111,111,2020/05/12,08:13:45,1,15.703129999999998
113,113,2020/05/12,08:14:00,1,114.6875
115,115,2020/05/12,08:14:15,1,115.3906
117,117,2020/05/12,08:14:30,1,39.29688
119,119,2020/05/12,08:14:45,1,118.2813
121,121,2020/05/12,08:15:00,1,114.4531
123,123,2020/05/12,08:15:15,1,107.5
125,125,2020/05/12,08:15:30,1,0.0
127,127,2020/05/12,08:15:45,1,89.60936
129,129,2020/05/12,08:16:00,1,0.0
131,131,2020/05/12,08:16:15,1,114.375
133,133,2020/05/12,08:16:30,1,104.7656
135,135,2020/05/12,08:16:45,1,73.51563
137,137,2020/05/12,08:17:00,1,104.2969
139,139,2020/05/12,08:17:15,1,0.0
141,141,2020/05/12,08:17:30,1,0.0
143,143,2020/05/12,08:17:45,1,0.0
145,145,2020/05/12,08:18:00,1,0.0
147,147,2020/05/12,08:18:15,1,0.0
149,149,2020/05/12,08:18:30,1,0.0
151,151,2020/05/12,08:18:45,1,0.0
153,153,2020/05/12,08:19:00,1,0.0
155,155,2020/05/12,08:19:15,1,15.0
157,157,2020/05/12,08:19:30,1,115.9375
159,159,2020/05/12,08:19:45,1,10.85938
161,161,2020/05/12,08:20:00,1,115.9375
163,163,2020/05/12,08:20:15,1,0.0
165,165,2020/05/12,08:20:30,1,0.0
167,167,2020/05/12,08:20:45,1,80.46874
169,169,2020/05/12,08:21:00,1,107.1875
171,171,2020/05/12,08:21:15,1,94.84375
173,173,2020/05/12,08:21:30,1,66.09374
175,175,2020/05/12,08:21:45,1,0.0
177,177,2020/05/12,08:22:00,1,29.375
179,179,2020/05/12,08:22:15,1,0.0
181,181,2020/05/12,08:22:30,1,0.0
183,183,2020/05/12,08:22:45,1,73.20313
185,185,2020/05/12,08:23:00,1,0.0
187,187,2020/05/12,08:23:15,1,74.84375
189,189,2020/05/12,08:23:30,1,54.45313
191,191,2020/05/12,08:23:45,1,0.0
193,193,2020/05/12,08:24:00,1,44.21875
195,195,2020/05/12,08:24:15,1,115.1563
197,197,2020/05/12,08:24:30,1,32.26563
199,199,2020/05/12,08:24:45,1,116.3281
201,201,2020/05/12,08:25:00,1,27.8125
203,203,2020/05/12,08:25:15,1,27.421879999999998
205,205,2020/05/12,08:25:30,1,0.0
207,207,2020/05/12,08:25:45,1,108.3594
209,209,2020/05/12,08:26:00,1,50.39063
211,211,2020/05/12,08:26:15,1,113.75
213,213,2020/05/12,08:26:30,1,34.76563
215,215,2020/05/12,08:26:45,1,115.3906
217,217,2020/05/12,08:27:00,1,18.75
219,219,2020/05/12,08:27:15,1,115.3906
221,221,2020/05/12,08:27:30,1,76.79688
223,223,2020/05/12,08:27:45,1,115.2344
225,225,2020/05/12,08:28:00,1,73.04688
227,227,2020/05/12,08:28:15,1,111.4844
229,229,2020/05/12,08:28:30,1,115.7813
231,231,2020/05/12,08:28:45,1,0.0
233,233,2020/05/12,08:29:00,1,80.9375
235,235,2020/05/12,08:29:15,1,42.5
237,237,2020/05/12,08:29:30,1,87.42188
239,239,2020/05/12,08:29:45,1,111.0938
241,241,2020/05/12,08:30:00,1,0.0
243,243,2020/05/12,08:30:15,1,117.7344
245,245,2020/05/12,08:30:30,1,0.0
247,247,2020/05/12,08:30:45,1,0.0
249,249,2020/05/12,08:31:00,1,102.5781
251,251,2020/05/12,08:31:15,1,14.609379999999998
253,253,2020/05/12,08:31:30,1,102.8906
255,255,2020/05/12,08:31:45,1,103.2813
257,257,2020/05/12,08:32:00,1,0.0
259,259,2020/05/12,08:32:15,1,31.484379999999998
261,261,2020/05/12,08:32:30,1,116.7188
263,263,2020/05/12,08:32:45,1,21.171879999999998
265,265,2020/05/12,08:33:00,1,115.2344
267,267,2020/05/12,08:33:15,1,30.703129999999998
269,269,2020/05/12,08:33:30,1,0.0
271,271,2020/05/12,08:33:45,1,0.0
273,273,2020/05/12,08:34:00,1,0.0
275,275,2020/05/12,08:34:15,1,69.84375
277,277,2020/05/12,08:34:30,1,69.92188
279,279,2020/05/12,08:34:45,1,44.53125
281,281,2020/05/12,08:35:00,1,112.1094
283,283,2020/05/12,08:35:15,1,7.734375
285,285,2020/05/12,08:35:30,1,0.0
287,287,2020/05/12,08:35:45,1,106.0156
289,289,2020/05/12,08:36:00,1,32.10938
291,291,2020/05/12,08:36:15,1,101.3281
293,293,2020/05/12,08:36:30,1,115.0781
295,295,2020/05/12,08:36:45,1,85.23438
297,297,2020/05/12,08:37:00,1,0.0
299,299,2020/05/12,08:37:15,1,116.4844
301,301,2020/05/12,08:37:30,1,0.0
303,303,2020/05/12,08:37:45,1,116.4063
305,305,2020/05/12,08:38:00,1,0.0
307,307,2020/05/12,08:38:15,1,0.0
309,309,2020/05/12,08:38:30,1,0.0
311,311,2020/05/12,08:38:45,1,0.0
313,313,2020/05/12,08:39:00,1,0.0
315,315,2020/05/12,08:39:15,1,0.0
317,317,2020/05/12,08:39:30,1,0.0
319,319,2020/05/12,08:39:45,1,67.26563
321,321,2020/05/12,08:40:00,1,114.6875
323,323,2020/05/12,08:40:15,1,0.0
325,325,2020/05/12,08:40:30,1,115.1563
327,327,2020/05/12,08:40:45,1,12.26563
329,329,2020/05/12,08:41:00,1,116.0156
331,331,2020/05/12,08:41:15,1,0.0
333,333,2020/05/12,08:41:30,1,61.64063
335,335,2020/05/12,08:41:45,1,115.3125
337,337,2020/05/12,08:42:00,1,0.0
339,339,2020/05/12,08:42:15,1,70.78125
341,341,2020/05/12,08:42:30,1,116.9531
343,343,2020/05/12,08:42:45,1,93.82813
345,345,2020/05/12,08:43:00,1,111.0156
347,347,2020/05/12,08:43:15,1,33.90625
349,349,2020/05/12,08:43:30,1,58.82813
351,351,2020/05/12,08:43:45,1,115.5469
353,353,2020/05/12,08:44:00,1,14.921879999999998
355,355,2020/05/12,08:44:15,1,102.4219
357,357,2020/05/12,08:44:30,1,0.0
359,359,2020/05/12,08:44:45,1,59.84375
361,361,2020/05/12,08:45:00,1,36.64063
363,363,2020/05/12,08:45:15,1,0.0
365,365,2020/05/12,08:45:30,1,0.0
367,367,2020/05/12,08:45:45,1,0.0
369,369,2020/05/12,08:46:00,1,115.1563
371,371,2020/05/12,08:46:15,1,114.8438
373,373,2020/05/12,08:46:30,1,42.65625
375,375,2020/05/12,08:46:45,1,120.9375
377,377,2020/05/12,08:47:00,1,111.1719
379,379,2020/05/12,08:47:15,1,84.99999
381,381,2020/05/12,08:47:30,1,0.0
383,383,2020/05/12,08:47:45,1,114.2969
385,385,2020/05/12,08:48:00,1,60.85938
387,387,2020/05/12,08:48:15,1,110.8594
389,389,2020/05/12,08:48:30,1,11.48438
391,391,2020/05/12,08:48:45,1,115.1563
393,393,2020/05/12,08:49:00,1,86.40625
395,395,2020/05/12,08:49:15,1,0.0
397,397,2020/05/12,08:49:30,1,73.75
399,399,2020/05/12,08:49:45,1,116.7188
401,401,2020/05/12,08:50:00,1,65.78125
403,403,2020/05/12,08:50:15,1,115.0
405,405,2020/05/12,08:50:30,1,0.0
407,407,2020/05/12,08:50:45,1,0.0
409,409,2020/05/12,08:51:00,1,45.78125
411,411,2020/05/12,08:51:15,1,111.7188
413,413,2020/05/12,08:51:30,1,44.45313
415,415,2020/05/12,08:51:45,1,107.1094
417,417,2020/05/12,08:52:00,1,0.0
419,419,2020/05/12,08:52:15,1,67.89063
421,421,2020/05/12,08:52:30,1,0.0
423,423,2020/05/12,08:52:45,1,0.0
425,425,2020/05/12,08:53:00,1,74.29688
427,427,2020/05/12,08:53:15,1,28.671879999999998
429,429,2020/05/12,08:53:30,1,46.875
431,431,2020/05/12,08:53:45,1,84.53125
433,433,2020/05/12,08:54:00,1,0.0
435,435,2020/05/12,08:54:15,1,29.84375
437,437,2020/05/12,08:54:30,1,115.625
439,439,2020/05/12,08:54:45,1,0.0
441,441,2020/05/12,08:55:00,1,115.9375
443,443,2020/05/12,08:55:15,1,67.57813
445,445,2020/05/12,08:55:30,1,27.578129999999998
447,447,2020/05/12,08:55:45,1,0.0
449,449,2020/05/12,08:56:00,1,111.7188
451,451,2020/05/12,08:56:15,1,17.96875
453,453,2020/05/12,08:56:30,1,65.3125
455,455,2020/05/12,08:56:45,1,0.0
457,457,2020/05/12,08:57:00,1,119.6875
459,459,2020/05/12,08:57:15,1,104.2188
461,461,2020/05/12,08:57:30,1,115.3125
463,463,2020/05/12,08:57:45,1,90.3125
465,465,2020/05/12,08:58:00,1,97.26563
467,467,2020/05/12,08:58:15,1,71.40625
469,469,2020/05/12,08:58:30,1,107.2656
471,471,2020/05/12,08:58:45,1,120.2344
473,473,2020/05/12,08:59:00,1,0.0
475,475,2020/05/12,08:59:15,1,60.39063
477,477,2020/05/12,08:59:30,1,43.04688
1,1,2020/05/12,09:00:00,1,68.20313
3,3,2020/05/12,09:00:15,1,29.609379999999998
5,5,2020/05/12,09:00:30,1,108.0469
7,7,2020/05/12,09:00:45,1,0.0
9,9,2020/05/12,09:01:00,1,34.60938
11,11,2020/05/12,09:01:15,1,102.2656
13,13,2020/05/12,09:01:30,1,27.734379999999998
15,15,2020/05/12,09:01:45,1,115.4688
17,17,2020/05/12,09:02:00,1,15.781260000000001
19,19,2020/05/12,09:02:15,1,9.92188
21,21,2020/05/12,09:02:30,1,0.0
23,23,2020/05/12,09:02:45,1,0.0
25,25,2020/05/12,09:03:00,1,0.0
27,27,2020/05/12,09:03:15,1,0.0
29,29,2020/05/12,09:03:30,1,0.0
31,31,2020/05/12,09:03:45,1,0.0
33,33,2020/05/12,09:04:00,1,0.0
35,35,2020/05/12,09:04:15,1,0.0
37,37,2020/05/12,09:04:30,1,0.0
39,39,2020/05/12,09:04:45,1,0.0
41,41,2020/05/12,09:05:00,1,0.0
43,43,2020/05/12,09:05:15,1,0.0
45,45,2020/05/12,09:05:30,1,0.0
47,47,2020/05/12,09:05:45,1,0.0
49,49,2020/05/12,09:06:00,1,0.0
51,51,2020/05/12,09:06:15,1,0.0
53,53,2020/05/12,09:06:30,1,0.0
55,55,2020/05/12,09:06:45,1,0.0
57,57,2020/05/12,09:07:00,1,0.0
59,59,2020/05/12,09:07:15,1,0.0
61,61,2020/05/12,09:07:30,1,0.0
63,63,2020/05/12,09:07:45,1,0.0
65,65,2020/05/12,09:08:00,1,0.0
67,67,2020/05/12,09:08:15,1,0.0
69,69,2020/05/12,09:08:30,1,0.0
71,71,2020/05/12,09:08:45,1,0.0
73,73,2020/05/12,09:09:00,1,0.0
75,75,2020/05/12,09:09:15,1,0.0
77,77,2020/05/12,09:09:30,1,0.0
79,79,2020/05/12,09:09:45,1,0.0
81,81,2020/05/12,09:10:00,1,0.0
83,83,2020/05/12,09:10:15,1,0.0
85,85,2020/05/12,09:10:30,1,0.0
87,87,2020/05/12,09:10:45,1,0.0
89,89,2020/05/12,09:11:00,1,28.828129999999998
91,91,2020/05/12,09:11:15,1,0.0
93,93,2020/05/12,09:11:30,1,45.46875
95,95,2020/05/12,09:11:45,1,71.40625
97,97,2020/05/12,09:12:00,1,61.71875
99,99,2020/05/12,09:12:15,1,85.78125
101,101,2020/05/12,09:12:30,1,85.15625
103,103,2020/05/12,09:12:45,1,28.671879999999998
105,105,2020/05/12,09:13:00,1,114.375
107,107,2020/05/12,09:13:15,1,58.20313
109,109,2020/05/12,09:13:30,1,72.8125
111,111,2020/05/12,09:13:45,1,37.34375
113,113,2020/05/12,09:14:00,1,66.79687
115,115,2020/05/12,09:14:15,1,65.54688
117,117,2020/05/12,09:14:30,1,0.0
119,119,2020/05/12,09:14:45,1,0.0
121,121,2020/05/12,09:15:00,1,0.0
123,123,2020/05/12,09:15:15,1,0.0
125,125,2020/05/12,09:15:30,1,0.0
127,127,2020/05/12,09:15:45,1,0.0
129,129,2020/05/12,09:16:00,1,0.0
131,131,2020/05/12,09:16:15,1,104.2188
133,133,2020/05/12,09:16:30,1,114.375
135,135,2020/05/12,09:16:45,1,114.1406
137,137,2020/05/12,09:17:00,1,114.1406
139,139,2020/05/12,09:17:15,1,68.67188
141,141,2020/05/12,09:17:30,1,118.4375
143,143,2020/05/12,09:17:45,1,101.25
145,145,2020/05/12,09:18:00,1,109.2969
147,147,2020/05/12,09:18:15,1,68.04687
149,149,2020/05/12,09:18:30,1,115.2344
151,151,2020/05/12,09:18:45,1,90.70313
153,153,2020/05/12,09:19:00,1,0.0
155,155,2020/05/12,09:19:15,1,86.95312
157,157,2020/05/12,09:19:30,1,31.953129999999998
159,159,2020/05/12,09:19:45,1,115.1563
161,161,2020/05/12,09:20:00,1,63.20313
163,163,2020/05/12,09:20:15,1,15.9375
165,165,2020/05/12,09:20:30,1,15.390629999999998
167,167,2020/05/12,09:20:45,1,114.6094
169,169,2020/05/12,09:21:00,1,100.8594
171,171,2020/05/12,09:21:15,1,120.7813
173,173,2020/05/12,09:21:30,1,115.7031
175,175,2020/05/12,09:21:45,1,100.5469
177,177,2020/05/12,09:22:00,1,69.14063
179,179,2020/05/12,09:22:15,1,115.3125
181,181,2020/05/12,09:22:30,1,86.79688
183,183,2020/05/12,09:22:45,1,71.64063
185,185,2020/05/12,09:23:00,1,87.34375
187,187,2020/05/12,09:23:15,1,0.0
189,189,2020/05/12,09:23:30,1,0.0
191,191,2020/05/12,09:23:45,1,0.0
193,193,2020/05/12,09:24:00,1,0.0
195,195,2020/05/12,09:24:15,1,0.0
197,197,2020/05/12,09:24:30,1,0.0
199,199,2020/05/12,09:24:45,1,0.0
201,201,2020/05/12,09:25:00,1,0.0
203,203,2020/05/12,09:25:15,1,0.0
205,205,2020/05/12,09:25:30,1,114.1406
207,207,2020/05/12,09:25:45,1,100.3906
209,209,2020/05/12,09:26:00,1,83.28125
211,211,2020/05/12,09:26:15,1,88.67188
213,213,2020/05/12,09:26:30,1,0.0
215,215,2020/05/12,09:26:45,1,0.0
217,217,2020/05/12,09:27:00,1,90.07814
219,219,2020/05/12,09:27:15,1,67.26563
221,221,2020/05/12,09:27:30,1,66.01563
223,223,2020/05/12,09:27:45,1,0.0
225,225,2020/05/12,09:28:00,1,115.3125
227,227,2020/05/12,09:28:15,1,0.0
229,229,2020/05/12,09:28:30,1,87.73438
231,231,2020/05/12,09:28:45,1,0.0
233,233,2020/05/12,09:29:00,1,0.0
235,235,2020/05/12,09:29:15,1,29.6875
237,237,2020/05/12,09:29:30,1,114.4531
239,239,2020/05/12,09:29:45,1,100.1563
241,241,2020/05/12,09:30:00,1,87.42188
243,243,2020/05/12,09:30:15,1,101.5625
245,245,2020/05/12,09:30:30,1,114.0625
247,247,2020/05/12,09:30:45,1,98.28125
249,249,2020/05/12,09:31:00,1,114.4531
251,251,2020/05/12,09:31:15,1,114.4531
253,253,2020/05/12,09:31:30,1,66.32813
255,255,2020/05/12,09:31:45,1,114.4531
257,257,2020/05/12,09:32:00,1,98.125
259,259,2020/05/12,09:32:15,1,89.29688
261,261,2020/05/12,09:32:30,1,41.48438
263,263,2020/05/12,09:32:45,1,87.42188
265,265,2020/05/12,09:33:00,1,13.75
267,267,2020/05/12,09:33:15,1,115.1563
269,269,2020/05/12,09:33:30,1,15.546879999999998
271,271,2020/05/12,09:33:45,1,0.0
273,273,2020/05/12,09:34:00,1,111.25
275,275,2020/05/12,09:34:15,1,103.2813
277,277,2020/05/12,09:34:30,1,115.2344
279,279,2020/05/12,09:34:45,1,114.2969
281,281,2020/05/12,09:35:00,1,111.1719
283,283,2020/05/12,09:35:15,1,15.859379999999998
285,285,2020/05/12,09:35:30,1,102.2656
287,287,2020/05/12,09:35:45,1,84.60938
289,289,2020/05/12,09:36:00,1,85.15625
291,291,2020/05/12,09:36:15,1,75.15626
293,293,2020/05/12,09:36:30,1,141.7969
295,295,2020/05/12,09:36:45,1,45.3125
297,297,2020/05/12,09:37:00,1,102.0313
299,299,2020/05/12,09:37:15,1,115.0781
301,301,2020/05/12,09:37:30,1,103.75
303,303,2020/05/12,09:37:45,1,87.1875
305,305,2020/05/12,09:38:00,1,87.03125
307,307,2020/05/12,09:38:15,1,84.21876999999999
309,309,2020/05/12,09:38:30,1,108.5938
311,311,2020/05/12,09:38:45,1,79.84373000000001
313,313,2020/05/12,09:39:00,1,80.46874
315,315,2020/05/12,09:39:15,1,17.65625
317,317,2020/05/12,09:39:30,1,66.79687
319,319,2020/05/12,09:39:45,1,86.40625
321,321,2020/05/12,09:40:00,1,0.0
323,323,2020/05/12,09:40:15,1,114.6094
325,325,2020/05/12,09:40:30,1,15.46875
327,327,2020/05/12,09:40:45,1,68.74999
329,329,2020/05/12,09:41:00,1,0.0
331,331,2020/05/12,09:41:15,1,61.32813
333,333,2020/05/12,09:41:30,1,101.7188
335,335,2020/05/12,09:41:45,1,28.4375
337,337,2020/05/12,09:42:00,1,44.76563
339,339,2020/05/12,09:42:15,1,102.1875
341,341,2020/05/12,09:42:30,1,0.0
343,343,2020/05/12,09:42:45,1,75.46875
345,345,2020/05/12,09:43:00,1,46.71875
347,347,2020/05/12,09:43:15,1,116.0938
349,349,2020/05/12,09:43:30,1,61.875
351,351,2020/05/12,09:43:45,1,0.0
353,353,2020/05/12,09:44:00,1,44.76563
355,355,2020/05/12,09:44:15,1,114.2969
357,357,2020/05/12,09:44:30,1,115.2344
359,359,2020/05/12,09:44:45,1,59.29688
361,361,2020/05/12,09:45:00,1,77.10938
363,363,2020/05/12,09:45:15,1,74.375
365,365,2020/05/12,09:45:30,1,0.0
367,367,2020/05/12,09:45:45,1,0.0
369,369,2020/05/12,09:46:00,1,0.0
371,371,2020/05/12,09:46:15,1,0.0
373,373,2020/05/12,09:46:30,1,113.2813
375,375,2020/05/12,09:46:45,1,43.04688
377,377,2020/05/12,09:47:00,1,112.8125
379,379,2020/05/12,09:47:15,1,15.703129999999998
381,381,2020/05/12,09:47:30,1,0.0
383,383,2020/05/12,09:47:45,1,0.0
385,385,2020/05/12,09:48:00,1,0.0
387,387,2020/05/12,09:48:15,1,87.34375
389,389,2020/05/12,09:48:30,1,10.46875
391,391,2020/05/12,09:48:45,1,0.0
393,393,2020/05/12,09:49:00,1,30.46875
395,395,2020/05/12,09:49:15,1,114.8438
397,397,2020/05/12,09:49:30,1,100.5469
399,399,2020/05/12,09:49:45,1,88.35938
401,401,2020/05/12,09:50:00,1,102.7344
403,403,2020/05/12,09:50:15,1,99.6875
405,405,2020/05/12,09:50:30,1,90.625
407,407,2020/05/12,09:50:45,1,114.9219
409,409,2020/05/12,09:51:00,1,113.9844
411,411,2020/05/12,09:51:15,1,28.984379999999998
413,413,2020/05/12,09:51:30,1,114.9219
415,415,2020/05/12,09:51:45,1,87.1875
417,417,2020/05/12,09:52:00,1,95.93751999999999
419,419,2020/05/12,09:52:15,1,42.73438
421,421,2020/05/12,09:52:30,1,86.17189
423,423,2020/05/12,09:52:45,1,15.546879999999998
425,425,2020/05/12,09:53:00,1,102.2656
427,427,2020/05/12,09:53:15,1,65.78125
429,429,2020/05/12,09:53:30,1,16.40626
431,431,2020/05/12,09:53:45,1,112.2656
433,433,2020/05/12,09:54:00,1,0.0
435,435,2020/05/12,09:54:15,1,114.5313
437,437,2020/05/12,09:54:30,1,114.2969
439,439,2020/05/12,09:54:45,1,79.68751
441,441,2020/05/12,09:55:00,1,61.5625
443,443,2020/05/12,09:55:15,1,114.2969
445,445,2020/05/12,09:55:30,1,0.0
447,447,2020/05/12,09:55:45,1,84.37499
449,449,2020/05/12,09:56:00,1,24.6875
451,451,2020/05/12,09:56:15,1,0.0
453,453,2020/05/12,09:56:30,1,88.28124
455,455,2020/05/12,09:56:45,1,115.0
457,457,2020/05/12,09:57:00,1,115.7813
459,459,2020/05/12,09:57:15,1,114.8438
461,461,2020/05/12,09:57:30,1,39.45313
463,463,2020/05/12,09:57:45,1,112.3438
465,465,2020/05/12,09:58:00,1,113.75
467,467,2020/05/12,09:58:15,1,113.2813
469,469,2020/05/12,09:58:30,1,23.359379999999998
471,471,2020/05/12,09:58:45,1,110.625
473,473,2020/05/12,09:59:00,1,81.01563
475,475,2020/05/12,09:59:15,1,86.71875
477,477,2020/05/12,09:59:30,1,85.39063
1,1,2020/05/12,10:00:00,1,113.2813
3,3,2020/05/12,10:00:15,1,92.26563
5,5,2020/05/12,10:00:30,1,72.34375
7,7,2020/05/12,10:00:45,1,114.6094
9,9,2020/05/12,10:01:00,1,71.01563
11,11,2020/05/12,10:01:15,1,12.03125
13,13,2020/05/12,10:01:30,1,98.90625
15,15,2020/05/12,10:01:45,1,72.03123000000001
17,17,2020/05/12,10:02:00,1,0.0
19,19,2020/05/12,10:02:15,1,116.9531
21,21,2020/05/12,10:02:30,1,87.50001
23,23,2020/05/12,10:02:45,1,41.40625
25,25,2020/05/12,10:03:00,1,13.75
27,27,2020/05/12,10:03:15,1,55.54688
29,29,2020/05/12,10:03:30,1,0.0
31,31,2020/05/12,10:03:45,1,0.0
33,33,2020/05/12,10:04:00,1,75.3125
35,35,2020/05/12,10:04:15,1,118.9063
37,37,2020/05/12,10:04:30,1,115.1563
39,39,2020/05/12,10:04:45,1,100.3125
41,41,2020/05/12,10:05:00,1,82.57813
43,43,2020/05/12,10:05:15,1,118.0469
45,45,2020/05/12,10:05:30,1,100.1563
47,47,2020/05/12,10:05:45,1,0.0
49,49,2020/05/12,10:06:00,1,85.54688
51,51,2020/05/12,10:06:15,1,28.671879999999998
53,53,2020/05/12,10:06:30,1,87.1875
55,55,2020/05/12,10:06:45,1,83.125
57,57,2020/05/12,10:07:00,1,86.5625
59,59,2020/05/12,10:07:15,1,42.42188
61,61,2020/05/12,10:07:30,1,0.0
63,63,2020/05/12,10:07:45,1,115.0
65,65,2020/05/12,10:08:00,1,30.234379999999998
67,67,2020/05/12,10:08:15,1,115.625
69,69,2020/05/12,10:08:30,1,80.625
71,71,2020/05/12,10:08:45,1,52.42188
73,73,2020/05/12,10:09:00,1,114.4531
75,75,2020/05/12,10:09:15,1,15.46875
77,77,2020/05/12,10:09:30,1,42.57813
79,79,2020/05/12,10:09:45,1,73.51563
81,81,2020/05/12,10:10:00,1,50.46875
83,83,2020/05/12,10:10:15,1,73.75
85,85,2020/05/12,10:10:30,1,87.57812
87,87,2020/05/12,10:10:45,1,72.1875
89,89,2020/05/12,10:11:00,1,89.45313
91,91,2020/05/12,10:11:15,1,0.0
93,93,2020/05/12,10:11:30,1,28.28125
95,95,2020/05/12,10:11:45,1,73.82813
97,97,2020/05/12,10:12:00,1,74.21875
99,99,2020/05/12,10:12:15,1,46.40625
101,101,2020/05/12,10:12:30,1,99.92188
103,103,2020/05/12,10:12:45,1,53.04688
105,105,2020/05/12,10:13:00,1,49.29688
107,107,2020/05/12,10:13:15,1,66.79687
109,109,2020/05/12,10:13:30,1,86.01563
111,111,2020/05/12,10:13:45,1,101.5625
113,113,2020/05/12,10:14:00,1,67.96876
115,115,2020/05/12,10:14:15,1,78.125
117,117,2020/05/12,10:14:30,1,41.40625
119,119,2020/05/12,10:14:45,1,0.0
121,121,2020/05/12,10:15:00,1,114.2969
123,123,2020/05/12,10:15:15,1,29.921879999999998
125,125,2020/05/12,10:15:30,1,52.34375
127,127,2020/05/12,10:15:45,1,0.0
129,129,2020/05/12,10:16:00,1,114.6875
131,131,2020/05/12,10:16:15,1,0.0
133,133,2020/05/12,10:16:30,1,85.3125
135,135,2020/05/12,10:16:45,1,113.2031
137,137,2020/05/12,10:17:00,1,102.7344
139,139,2020/05/12,10:17:15,1,114.2969
141,141,2020/05/12,10:17:30,1,67.96876
143,143,2020/05/12,10:17:45,1,114.375
145,145,2020/05/12,10:18:00,1,86.25001
147,147,2020/05/12,10:18:15,1,84.37499
149,149,2020/05/12,10:18:30,1,57.73438
151,151,2020/05/12,10:18:45,1,19.921879999999998
153,153,2020/05/12,10:19:00,1,114.1406
155,155,2020/05/12,10:19:15,1,16.171879999999998
157,157,2020/05/12,10:19:30,1,114.7656
159,159,2020/05/12,10:19:45,1,112.1875
161,161,2020/05/12,10:20:00,1,54.76563
163,163,2020/05/12,10:20:15,1,117.4219
165,165,2020/05/12,10:20:30,1,17.8125
167,167,2020/05/12,10:20:45,1,43.67188
169,169,2020/05/12,10:21:00,1,93.35938
171,171,2020/05/12,10:21:15,1,57.26563
173,173,2020/05/12,10:21:30,1,45.39063
175,175,2020/05/12,10:21:45,1,74.45314
177,177,2020/05/12,10:22:00,1,44.92188
179,179,2020/05/12,10:22:15,1,58.59375
181,181,2020/05/12,10:22:30,1,0.0
183,183,2020/05/12,10:22:45,1,0.0
185,185,2020/05/12,10:23:00,1,44.60938
187,187,2020/05/12,10:23:15,1,45.46875
189,189,2020/05/12,10:23:30,1,29.140629999999998
191,191,2020/05/12,10:23:45,1,100.3906
193,193,2020/05/12,10:24:00,1,13.515620000000002
195,195,2020/05/12,10:24:15,1,0.0
197,197,2020/05/12,10:24:30,1,0.0
199,199,2020/05/12,10:24:45,1,114.375
201,201,2020/05/12,10:25:00,1,40.54688
203,203,2020/05/12,10:25:15,1,14.453129999999998
205,205,2020/05/12,10:25:30,1,27.421879999999998
207,207,2020/05/12,10:25:45,1,43.75
209,209,2020/05/12,10:26:00,1,0.0
211,211,2020/05/12,10:26:15,1,113.4375
213,213,2020/05/12,10:26:30,1,45.15625
215,215,2020/05/12,10:26:45,1,16.328129999999998
217,217,2020/05/12,10:27:00,1,12.03125
219,219,2020/05/12,10:27:15,1,89.53124
221,221,2020/05/12,10:27:30,1,114.4531
223,223,2020/05/12,10:27:45,1,60.07813
225,225,2020/05/12,10:28:00,1,88.82813
227,227,2020/05/12,10:28:15,1,114.6094
229,229,2020/05/12,10:28:30,1,68.12498000000001
231,231,2020/05/12,10:28:45,1,115.3906
233,233,2020/05/12,10:29:00,1,88.12501999999999
235,235,2020/05/12,10:29:15,1,72.03123000000001
237,237,2020/05/12,10:29:30,1,87.26563
239,239,2020/05/12,10:29:45,1,0.0
241,241,2020/05/12,10:30:00,1,0.0
243,243,2020/05/12,10:30:15,1,0.0
245,245,2020/05/12,10:30:30,1,0.0
247,247,2020/05/12,10:30:45,1,114.2188
249,249,2020/05/12,10:31:00,1,0.0
251,251,2020/05/12,10:31:15,1,115.1563
253,253,2020/05/12,10:31:30,1,111.5625
255,255,2020/05/12,10:31:45,1,31.25
257,257,2020/05/12,10:32:00,1,101.7188
259,259,2020/05/12,10:32:15,1,22.5
261,261,2020/05/12,10:32:30,1,44.60938
263,263,2020/05/12,10:32:45,1,73.4375
265,265,2020/05/12,10:33:00,1,81.64063
267,267,2020/05/12,10:33:15,1,0.0
269,269,2020/05/12,10:33:30,1,30.0
271,271,2020/05/12,10:33:45,1,0.0
273,273,2020/05/12,10:34:00,1,0.0
275,275,2020/05/12,10:34:15,1,0.0
277,277,2020/05/12,10:34:30,1,0.0
279,279,2020/05/12,10:34:45,1,0.0
281,281,2020/05/12,10:35:00,1,46.09375
283,283,2020/05/12,10:35:15,1,115.0781
285,285,2020/05/12,10:35:30,1,114.4531
287,287,2020/05/12,10:35:45,1,61.71875
289,289,2020/05/12,10:36:00,1,98.59375
291,291,2020/05/12,10:36:15,1,73.98436
293,293,2020/05/12,10:36:30,1,74.29688
295,295,2020/05/12,10:36:45,1,88.90624
297,297,2020/05/12,10:37:00,1,58.67188
299,299,2020/05/12,10:37:15,1,103.125
301,301,2020/05/12,10:37:30,1,0.0
303,303,2020/05/12,10:37:45,1,57.89063
305,305,2020/05/12,10:38:00,1,40.54688
307,307,2020/05/12,10:38:15,1,27.96875
309,309,2020/05/12,10:38:30,1,44.53125
311,311,2020/05/12,10:38:45,1,13.515620000000002
313,313,2020/05/12,10:39:00,1,15.703129999999998
315,315,2020/05/12,10:39:15,1,10.70313
317,317,2020/05/12,10:39:30,1,101.4063
319,319,2020/05/12,10:39:45,1,114.9219
321,321,2020/05/12,10:40:00,1,88.75
323,323,2020/05/12,10:40:15,1,100.8594
325,325,2020/05/12,10:40:30,1,86.71875
327,327,2020/05/12,10:40:45,1,93.28125
329,329,2020/05/12,10:41:00,1,114.2188
331,331,2020/05/12,10:41:15,1,22.421879999999998
333,333,2020/05/12,10:41:30,1,86.95312
335,335,2020/05/12,10:41:45,1,18.59375
337,337,2020/05/12,10:42:00,1,115.0781
339,339,2020/05/12,10:42:15,1,63.125
341,341,2020/05/12,10:42:30,1,112.2656
343,343,2020/05/12,10:42:45,1,36.25
345,345,2020/05/12,10:43:00,1,63.125
347,347,2020/05/12,10:43:15,1,115.3125
349,349,2020/05/12,10:43:30,1,59.29688
351,351,2020/05/12,10:43:45,1,94.375
353,353,2020/05/12,10:44:00,1,114.6094
355,355,2020/05/12,10:44:15,1,0.0
357,357,2020/05/12,10:44:30,1,114.2188
359,359,2020/05/12,10:44:45,1,71.5625
361,361,2020/05/12,10:45:00,1,60.54688
363,363,2020/05/12,10:45:15,1,26.796879999999998
365,365,2020/05/12,10:45:30,1,66.71876
367,367,2020/05/12,10:45:45,1,102.2656
369,369,2020/05/12,10:46:00,1,113.4375
371,371,2020/05/12,10:46:15,1,115.1563
373,373,2020/05/12,10:46:30,1,115.3125
375,375,2020/05/12,10:46:45,1,42.10938
377,377,2020/05/12,10:47:00,1,114.4531
379,379,2020/05/12,10:47:15,1,113.2031
381,381,2020/05/12,10:47:30,1,112.1094
383,383,2020/05/12,10:47:45,1,30.46875
385,385,2020/05/12,10:48:00,1,113.2031
387,387,2020/05/12,10:48:15,1,82.8125
389,389,2020/05/12,10:48:30,1,68.90625
391,391,2020/05/12,10:48:45,1,33.82813
393,393,2020/05/12,10:49:00,1,86.48438
395,395,2020/05/12,10:49:15,1,114.4531
397,397,2020/05/12,10:49:30,1,100.7813
399,399,2020/05/12,10:49:45,1,13.203120000000002
401,401,2020/05/12,10:50:00,1,74.92188
403,403,2020/05/12,10:50:15,1,113.5156
405,405,2020/05/12,10:50:30,1,79.76562
407,407,2020/05/12,10:50:45,1,114.1406
409,409,2020/05/12,10:51:00,1,113.2031
411,411,2020/05/12,10:51:15,1,83.04687
413,413,2020/05/12,10:51:30,1,91.32813
415,415,2020/05/12,10:51:45,1,113.5938
417,417,2020/05/12,10:52:00,1,37.73438
419,419,2020/05/12,10:52:15,1,30.9375
421,421,2020/05/12,10:52:30,1,0.0
423,423,2020/05/12,10:52:45,1,0.0
425,425,2020/05/12,10:53:00,1,16.640629999999998
427,427,2020/05/12,10:53:15,1,0.0
429,429,2020/05/12,10:53:30,1,25.15625
431,431,2020/05/12,10:53:45,1,0.0
433,433,2020/05/12,10:54:00,1,89.0625
435,435,2020/05/12,10:54:15,1,0.0
437,437,2020/05/12,10:54:30,1,0.0
439,439,2020/05/12,10:54:45,1,22.890629999999998
441,441,2020/05/12,10:55:00,1,113.0469
443,443,2020/05/12,10:55:15,1,46.17188
445,445,2020/05/12,10:55:30,1,0.0
447,447,2020/05/12,10:55:45,1,29.0625
449,449,2020/05/12,10:56:00,1,55.15625
451,451,2020/05/12,10:56:15,1,20.546879999999998
453,453,2020/05/12,10:56:30,1,115.1563
455,455,2020/05/12,10:56:45,1,44.375
457,457,2020/05/12,10:57:00,1,15.46875
459,459,2020/05/12,10:57:15,1,0.0
461,461,2020/05/12,10:57:30,1,88.82813
463,463,2020/05/12,10:57:45,1,113.5938
465,465,2020/05/12,10:58:00,1,72.42188
467,467,2020/05/12,10:58:15,1,106.4063
469,469,2020/05/12,10:58:30,1,113.3594
471,471,2020/05/12,10:58:45,1,68.20313
473,473,2020/05/12,10:59:00,1,114.2188
475,475,2020/05/12,10:59:15,1,86.17189
477,477,2020/05/12,10:59:30,1,40.0
1,1,2020/05/12,11:00:00,1,0.0
3,3,2020/05/12,11:00:15,1,114.7656
5,5,2020/05/12,11:00:30,1,16.015629999999998
7,7,2020/05/12,11:00:45,1,37.89063
9,9,2020/05/12,11:01:00,1,113.0469
11,11,2020/05/12,11:01:15,1,17.03125
13,13,2020/05/12,11:01:30,1,112.3438
15,15,2020/05/12,11:01:45,1,113.4375
17,17,2020/05/12,11:02:00,1,112.2656
19,19,2020/05/12,11:02:15,1,44.375
21,21,2020/05/12,11:02:30,1,105.8594
23,23,2020/05/12,11:02:45,1,73.20313
25,25,2020/05/12,11:03:00,1,0.0
27,27,2020/05/12,11:03:15,1,31.171879999999998
29,29,2020/05/12,11:03:30,1,17.109370000000002
31,31,2020/05/12,11:03:45,1,0.0
33,33,2020/05/12,11:04:00,1,0.0
35,35,2020/05/12,11:04:15,1,0.0
37,37,2020/05/12,11:04:30,1,0.0
39,39,2020/05/12,11:04:45,1,0.0
41,41,2020/05/12,11:05:00,1,0.0
43,43,2020/05/12,11:05:15,1,0.0
45,45,2020/05/12,11:05:30,1,0.0
47,47,2020/05/12,11:05:45,1,0.0
49,49,2020/05/12,11:06:00,1,0.0
51,51,2020/05/12,11:06:15,1,0.0
53,53,2020/05/12,11:06:30,1,0.0
55,55,2020/05/12,11:06:45,1,0.0
57,57,2020/05/12,11:07:00,1,0.0
59,59,2020/05/12,11:07:15,1,60.70313
61,61,2020/05/12,11:07:30,1,107.1094
63,63,2020/05/12,11:07:45,1,0.0
65,65,2020/05/12,11:08:00,1,114.7656
67,67,2020/05/12,11:08:15,1,10.3125
69,69,2020/05/12,11:08:30,1,14.53125
71,71,2020/05/12,11:08:45,1,28.28125
73,73,2020/05/12,11:09:00,1,86.87501
75,75,2020/05/12,11:09:15,1,27.578129999999998
77,77,2020/05/12,11:09:30,1,82.57813
79,79,2020/05/12,11:09:45,1,73.20313
81,81,2020/05/12,11:10:00,1,85.39063
83,83,2020/05/12,11:10:15,1,62.96875
85,85,2020/05/12,11:10:30,1,0.0
87,87,2020/05/12,11:10:45,1,41.875
89,89,2020/05/12,11:11:00,1,15.078129999999998
91,91,2020/05/12,11:11:15,1,14.375
93,93,2020/05/12,11:11:30,1,30.46875
95,95,2020/05/12,11:11:45,1,42.57813
97,97,2020/05/12,11:12:00,1,0.0
99,99,2020/05/12,11:12:15,1,0.0
101,101,2020/05/12,11:12:30,1,101.25
103,103,2020/05/12,11:12:45,1,0.0
105,105,2020/05/12,11:13:00,1,60.0
107,107,2020/05/12,11:13:15,1,30.859379999999998
109,109,2020/05/12,11:13:30,1,85.70311
111,111,2020/05/12,11:13:45,1,13.515620000000002
113,113,2020/05/12,11:14:00,1,113.4375
115,115,2020/05/12,11:14:15,1,16.25
117,117,2020/05/12,11:14:30,1,114.1406
119,119,2020/05/12,11:14:45,1,106.4063
121,121,2020/05/12,11:15:00,1,31.484379999999998
123,123,2020/05/12,11:15:15,1,101.3281
125,125,2020/05/12,11:15:30,1,0.0
127,127,2020/05/12,11:15:45,1,29.609379999999998
129,129,2020/05/12,11:16:00,1,61.17188
131,131,2020/05/12,11:16:15,1,86.09375
133,133,2020/05/12,11:16:30,1,46.32813
135,135,2020/05/12,11:16:45,1,86.95312
137,137,2020/05/12,11:17:00,1,91.64063
139,139,2020/05/12,11:17:15,1,83.51563
141,141,2020/05/12,11:17:30,1,12.10938
143,143,2020/05/12,11:17:45,1,44.45313
145,145,2020/05/12,11:18:00,1,88.67188
147,147,2020/05/12,11:18:15,1,89.53124
149,149,2020/05/12,11:18:30,1,75.0
151,151,2020/05/12,11:18:45,1,99.14063
153,153,2020/05/12,11:19:00,1,71.5625
155,155,2020/05/12,11:19:15,1,72.1875
157,157,2020/05/12,11:19:30,1,72.65624
159,159,2020/05/12,11:19:45,1,86.79688
161,161,2020/05/12,11:20:00,1,91.01563
163,163,2020/05/12,11:20:15,1,43.82813
165,165,2020/05/12,11:20:30,1,25.390629999999998
167,167,2020/05/12,11:20:45,1,27.5
169,169,2020/05/12,11:21:00,1,0.0
171,171,2020/05/12,11:21:15,1,113.4375
173,173,2020/05/12,11:21:30,1,29.84375
175,175,2020/05/12,11:21:45,1,54.84375
177,177,2020/05/12,11:22:00,1,0.0
179,179,2020/05/12,11:22:15,1,72.96875
181,181,2020/05/12,11:22:30,1,113.4375
183,183,2020/05/12,11:22:45,1,61.09375
185,185,2020/05/12,11:23:00,1,90.0
187,187,2020/05/12,11:23:15,1,115.0
189,189,2020/05/12,11:23:30,1,20.9375
191,191,2020/05/12,11:23:45,1,88.35938
193,193,2020/05/12,11:24:00,1,45.3125
195,195,2020/05/12,11:24:15,1,114.9219
197,197,2020/05/12,11:24:30,1,61.25
199,199,2020/05/12,11:24:45,1,0.0
201,201,2020/05/12,11:25:00,1,44.84375
203,203,2020/05/12,11:25:15,1,114.2188
205,205,2020/05/12,11:25:30,1,115.0781
207,207,2020/05/12,11:25:45,1,61.40625
209,209,2020/05/12,11:26:00,1,98.125
211,211,2020/05/12,11:26:15,1,73.90624
213,213,2020/05/12,11:26:30,1,74.21875
215,215,2020/05/12,11:26:45,1,72.89063
217,217,2020/05/12,11:27:00,1,56.25
219,219,2020/05/12,11:27:15,1,88.98438
221,221,2020/05/12,11:27:30,1,0.0
223,223,2020/05/12,11:27:45,1,55.625
225,225,2020/05/12,11:28:00,1,42.96875
227,227,2020/05/12,11:28:15,1,0.0
229,229,2020/05/12,11:28:30,1,64.45313
231,231,2020/05/12,11:28:45,1,48.4375
233,233,2020/05/12,11:29:00,1,46.01563
235,235,2020/05/12,11:29:15,1,58.75
237,237,2020/05/12,11:29:30,1,114.4531
239,239,2020/05/12,11:29:45,1,112.1875
241,241,2020/05/12,11:30:00,1,114.2188
243,243,2020/05/12,11:30:15,1,113.4375
245,245,2020/05/12,11:30:30,1,83.4375
247,247,2020/05/12,11:30:45,1,115.0781
249,249,2020/05/12,11:31:00,1,97.1875
251,251,2020/05/12,11:31:15,1,88.12501999999999
253,253,2020/05/12,11:31:30,1,100.625
255,255,2020/05/12,11:31:45,1,87.34375
257,257,2020/05/12,11:32:00,1,0.0
259,259,2020/05/12,11:32:15,1,115.2344
261,261,2020/05/12,11:32:30,1,14.765629999999998
263,263,2020/05/12,11:32:45,1,0.0
265,265,2020/05/12,11:33:00,1,111.875
267,267,2020/05/12,11:33:15,1,0.0
269,269,2020/05/12,11:33:30,1,113.6719
271,271,2020/05/12,11:33:45,1,112.5781
273,273,2020/05/12,11:34:00,1,42.03125
275,275,2020/05/12,11:34:15,1,74.53126
277,277,2020/05/12,11:34:30,1,113.5938
279,279,2020/05/12,11:34:45,1,79.84373000000001
281,281,2020/05/12,11:35:00,1,84.6875
283,283,2020/05/12,11:35:15,1,52.5
285,285,2020/05/12,11:35:30,1,0.0
287,287,2020/05/12,11:35:45,1,88.98438
289,289,2020/05/12,11:36:00,1,113.3594
291,291,2020/05/12,11:36:15,1,114.4531
293,293,2020/05/12,11:36:30,1,113.125
295,295,2020/05/12,11:36:45,1,41.40625
297,297,2020/05/12,11:37:00,1,110.5469
299,299,2020/05/12,11:37:15,1,111.4844
301,301,2020/05/12,11:37:30,1,111.4063
303,303,2020/05/12,11:37:45,1,21.875
305,305,2020/05/12,11:38:00,1,112.8906
307,307,2020/05/12,11:38:15,1,82.96876
309,309,2020/05/12,11:38:30,1,60.39063
311,311,2020/05/12,11:38:45,1,60.3125
313,313,2020/05/12,11:39:00,1,86.25001
315,315,2020/05/12,11:39:15,1,113.4375
317,317,2020/05/12,11:39:30,1,99.45313
319,319,2020/05/12,11:39:45,1,35.54688
321,321,2020/05/12,11:40:00,1,87.1875
323,323,2020/05/12,11:40:15,1,71.40625
325,325,2020/05/12,11:40:30,1,34.45313
327,327,2020/05/12,11:40:45,1,99.0625
329,329,2020/05/12,11:41:00,1,71.71875
331,331,2020/05/12,11:41:15,1,0.0
333,333,2020/05/12,11:41:30,1,112.3438
335,335,2020/05/12,11:41:45,1,86.95312
337,337,2020/05/12,11:42:00,1,36.5625
339,339,2020/05/12,11:42:15,1,51.875
341,341,2020/05/12,11:42:30,1,0.0
343,343,2020/05/12,11:42:45,1,0.0
345,345,2020/05/12,11:43:00,1,16.484370000000002
347,347,2020/05/12,11:43:15,1,0.0
349,349,2020/05/12,11:43:30,1,0.0
351,351,2020/05/12,11:43:45,1,81.5625
353,353,2020/05/12,11:44:00,1,60.07813
355,355,2020/05/12,11:44:15,1,0.0
357,357,2020/05/12,11:44:30,1,103.75
359,359,2020/05/12,11:44:45,1,0.0
361,361,2020/05/12,11:45:00,1,114.7656
363,363,2020/05/12,11:45:15,1,0.0
365,365,2020/05/12,11:45:30,1,54.45313
367,367,2020/05/12,11:45:45,1,86.5625
369,369,2020/05/12,11:46:00,1,86.87501
371,371,2020/05/12,11:46:15,1,86.79688
373,373,2020/05/12,11:46:30,1,134.4531
375,375,2020/05/12,11:46:45,1,0.0
377,377,2020/05/12,11:47:00,1,0.0
379,379,2020/05/12,11:47:15,1,0.0
381,381,2020/05/12,11:47:30,1,0.0
383,383,2020/05/12,11:47:45,1,0.0
385,385,2020/05/12,11:48:00,1,0.0
387,387,2020/05/12,11:48:15,1,0.0
389,389,2020/05/12,11:48:30,1,0.0
391,391,2020/05/12,11:48:45,1,45.46875
393,393,2020/05/12,11:49:00,1,14.375
395,395,2020/05/12,11:49:15,1,25.390629999999998
397,397,2020/05/12,11:49:30,1,103.4375
399,399,2020/05/12,11:49:45,1,99.92188
401,401,2020/05/12,11:50:00,1,0.0
403,403,2020/05/12,11:50:15,1,81.32813
405,405,2020/05/12,11:50:30,1,99.375
407,407,2020/05/12,11:50:45,1,81.48438
409,409,2020/05/12,11:51:00,1,15.859379999999998
411,411,2020/05/12,11:51:15,1,27.1875
413,413,2020/05/12,11:51:30,1,0.0
415,415,2020/05/12,11:51:45,1,0.0
417,417,2020/05/12,11:52:00,1,0.0
419,419,2020/05/12,11:52:15,1,0.0
421,421,2020/05/12,11:52:30,1,0.0
423,423,2020/05/12,11:52:45,1,0.0
425,425,2020/05/12,11:53:00,1,0.0
427,427,2020/05/12,11:53:15,1,0.0
429,429,2020/05/12,11:53:30,1,0.0
431,431,2020/05/12,11:53:45,1,0.0
433,433,2020/05/12,11:54:00,1,16.640629999999998
435,435,2020/05/12,11:54:15,1,86.95312
437,437,2020/05/12,11:54:30,1,0.0
439,439,2020/05/12,11:54:45,1,94.60938
441,441,2020/05/12,11:55:00,1,16.71875
443,443,2020/05/12,11:55:15,1,0.0
445,445,2020/05/12,11:55:30,1,0.0
447,447,2020/05/12,11:55:45,1,0.0
449,449,2020/05/12,11:56:00,1,0.0
451,451,2020/05/12,11:56:15,1,0.0
453,453,2020/05/12,11:56:30,1,98.51563
455,455,2020/05/12,11:56:45,1,58.4375
457,457,2020/05/12,11:57:00,1,113.75
459,459,2020/05/12,11:57:15,1,0.0
461,461,2020/05/12,11:57:30,1,98.4375
463,463,2020/05/12,11:57:45,1,26.25
465,465,2020/05/12,11:58:00,1,99.60938
467,467,2020/05/12,11:58:15,1,95.39062
469,469,2020/05/12,11:58:30,1,71.01563
471,471,2020/05/12,11:58:45,1,69.76563
473,473,2020/05/12,11:59:00,1,81.5625
475,475,2020/05/12,11:59:15,1,0.0
477,477,2020/05/12,11:59:30,1,0.0
1,1,2020/05/12,12:00:00,1,0.0
3,3,2020/05/12,12:00:15,1,0.0
5,5,2020/05/12,12:00:30,1,0.0
7,7,2020/05/12,12:00:45,1,0.0
9,9,2020/05/12,12:01:00,1,0.0
11,11,2020/05/12,12:01:15,1,0.0
13,13,2020/05/12,12:01:30,1,0.0
15,15,2020/05/12,12:01:45,1,0.0
17,17,2020/05/12,12:02:00,1,0.0
19,19,2020/05/12,12:02:15,1,0.0
21,21,2020/05/12,12:02:30,1,0.0
23,23,2020/05/12,12:02:45,1,0.0
25,25,2020/05/12,12:03:00,1,0.0
27,27,2020/05/12,12:03:15,1,0.0
29,29,2020/05/12,12:03:30,1,0.0
31,31,2020/05/12,12:03:45,1,0.0
33,33,2020/05/12,12:04:00,1,0.0
35,35,2020/05/12,12:04:15,1,0.0
37,37,2020/05/12,12:04:30,1,0.0
39,39,2020/05/12,12:04:45,1,0.0
41,41,2020/05/12,12:05:00,1,0.0
43,43,2020/05/12,12:05:15,1,0.0
45,45,2020/05/12,12:05:30,1,0.0
47,47,2020/05/12,12:05:45,1,0.0
49,49,2020/05/12,12:06:00,1,0.0
51,51,2020/05/12,12:06:15,1,0.0
53,53,2020/05/12,12:06:30,1,0.0
55,55,2020/05/12,12:06:45,1,0.0
57,57,2020/05/12,12:07:00,1,0.0
59,59,2020/05/12,12:07:15,1,0.0
61,61,2020/05/12,12:07:30,1,0.0
63,63,2020/05/12,12:07:45,1,0.0
65,65,2020/05/12,12:08:00,1,0.0
67,67,2020/05/12,12:08:15,1,0.0
69,69,2020/05/12,12:08:30,1,0.0
71,71,2020/05/12,12:08:45,1,0.0
73,73,2020/05/12,12:09:00,1,0.0
75,75,2020/05/12,12:09:15,1,0.0
77,77,2020/05/12,12:09:30,1,0.0
79,79,2020/05/12,12:09:45,1,0.0
81,81,2020/05/12,12:10:00,1,0.0
83,83,2020/05/12,12:10:15,1,0.0
85,85,2020/05/12,12:10:30,1,0.0
87,87,2020/05/12,12:10:45,1,0.0
89,89,2020/05/12,12:11:00,1,0.0
91,91,2020/05/12,12:11:15,1,0.0
93,93,2020/05/12,12:11:30,1,0.0
95,95,2020/05/12,12:11:45,1,0.0
97,97,2020/05/12,12:12:00,1,0.0
99,99,2020/05/12,12:12:15,1,0.0
101,101,2020/05/12,12:12:30,1,0.0
103,103,2020/05/12,12:12:45,1,0.0
105,105,2020/05/12,12:13:00,1,0.0
107,107,2020/05/12,12:13:15,1,0.0
109,109,2020/05/12,12:13:30,1,0.0
111,111,2020/05/12,12:13:45,1,0.0
113,113,2020/05/12,12:14:00,1,0.0
115,115,2020/05/12,12:14:15,1,0.0
117,117,2020/05/12,12:14:30,1,0.0
119,119,2020/05/12,12:14:45,1,0.0
121,121,2020/05/12,12:15:00,1,0.0
123,123,2020/05/12,12:15:15,1,0.0
125,125,2020/05/12,12:15:30,1,0.0
127,127,2020/05/12,12:15:45,1,0.0
129,129,2020/05/12,12:16:00,1,0.0
131,131,2020/05/12,12:16:15,1,0.0
133,133,2020/05/12,12:16:30,1,0.0
135,135,2020/05/12,12:16:45,1,0.0
137,137,2020/05/12,12:17:00,1,0.0
139,139,2020/05/12,12:17:15,1,0.0
141,141,2020/05/12,12:17:30,1,0.0
143,143,2020/05/12,12:17:45,1,0.0
145,145,2020/05/12,12:18:00,1,0.0
147,147,2020/05/12,12:18:15,1,0.0
149,149,2020/05/12,12:18:30,1,0.0
151,151,2020/05/12,12:18:45,1,0.0
153,153,2020/05/12,12:19:00,1,0.0
155,155,2020/05/12,12:19:15,1,0.0
157,157,2020/05/12,12:19:30,1,0.0
159,159,2020/05/12,12:19:45,1,0.0
161,161,2020/05/12,12:20:00,1,0.0
163,163,2020/05/12,12:20:15,1,0.0
165,165,2020/05/12,12:20:30,1,0.0
167,167,2020/05/12,12:20:45,1,0.0
169,169,2020/05/12,12:21:00,1,0.0
171,171,2020/05/12,12:21:15,1,0.0
173,173,2020/05/12,12:21:30,1,0.0
175,175,2020/05/12,12:21:45,1,0.0
177,177,2020/05/12,12:22:00,1,0.0
179,179,2020/05/12,12:22:15,1,0.0
181,181,2020/05/12,12:22:30,1,0.0
183,183,2020/05/12,12:22:45,1,0.0
185,185,2020/05/12,12:23:00,1,0.0
187,187,2020/05/12,12:23:15,1,0.0
189,189,2020/05/12,12:23:30,1,0.0
191,191,2020/05/12,12:23:45,1,0.0
193,193,2020/05/12,12:24:00,1,0.0
195,195,2020/05/12,12:24:15,1,0.0
197,197,2020/05/12,12:24:30,1,0.0
199,199,2020/05/12,12:24:45,1,0.0
201,201,2020/05/12,12:25:00,1,0.0
203,203,2020/05/12,12:25:15,1,0.0
205,205,2020/05/12,12:25:30,1,0.0
207,207,2020/05/12,12:25:45,1,0.0
209,209,2020/05/12,12:26:00,1,0.0
211,211,2020/05/12,12:26:15,1,0.0
213,213,2020/05/12,12:26:30,1,0.0
215,215,2020/05/12,12:26:45,1,0.0
217,217,2020/05/12,12:27:00,1,0.0
219,219,2020/05/12,12:27:15,1,0.0
221,221,2020/05/12,12:27:30,1,0.0
223,223,2020/05/12,12:27:45,1,0.0
225,225,2020/05/12,12:28:00,1,0.0
227,227,2020/05/12,12:28:15,1,0.0
229,229,2020/05/12,12:28:30,1,0.0
231,231,2020/05/12,12:28:45,1,0.0
233,233,2020/05/12,12:29:00,1,0.0
235,235,2020/05/12,12:29:15,1,0.0
237,237,2020/05/12,12:29:30,1,0.0
239,239,2020/05/12,12:29:45,1,0.0
241,241,2020/05/12,12:30:00,1,0.0
243,243,2020/05/12,12:30:15,1,0.0
245,245,2020/05/12,12:30:30,1,0.0
247,247,2020/05/12,12:30:45,1,0.0
249,249,2020/05/12,12:31:00,1,0.0
251,251,2020/05/12,12:31:15,1,0.0
253,253,2020/05/12,12:31:30,1,0.0
255,255,2020/05/12,12:31:45,1,0.0
257,257,2020/05/12,12:32:00,1,0.0
259,259,2020/05/12,12:32:15,1,0.0
261,261,2020/05/12,12:32:30,1,0.0
263,263,2020/05/12,12:32:45,1,0.0
265,265,2020/05/12,12:33:00,1,114.1406
267,267,2020/05/12,12:33:15,1,69.45313
269,269,2020/05/12,12:33:30,1,40.15625
271,271,2020/05/12,12:33:45,1,53.28125
273,273,2020/05/12,12:34:00,1,60.0
275,275,2020/05/12,12:34:15,1,28.359379999999998
277,277,2020/05/12,12:34:30,1,43.67188
279,279,2020/05/12,12:34:45,1,105.9375
281,281,2020/05/12,12:35:00,1,114.1406
283,283,2020/05/12,12:35:15,1,16.328129999999998
285,285,2020/05/12,12:35:30,1,0.0
287,287,2020/05/12,12:35:45,1,0.0
289,289,2020/05/12,12:36:00,1,0.0
291,291,2020/05/12,12:36:15,1,0.0
293,293,2020/05/12,12:36:30,1,113.2031
295,295,2020/05/12,12:36:45,1,113.0469
297,297,2020/05/12,12:37:00,1,84.37499
299,299,2020/05/12,12:37:15,1,0.0
301,301,2020/05/12,12:37:30,1,44.45313
303,303,2020/05/12,12:37:45,1,123.2031
305,305,2020/05/12,12:38:00,1,64.45313
307,307,2020/05/12,12:38:15,1,15.390629999999998
309,309,2020/05/12,12:38:30,1,44.45313
311,311,2020/05/12,12:38:45,1,0.0
313,313,2020/05/12,12:39:00,1,0.0
315,315,2020/05/12,12:39:15,1,113.4375
317,317,2020/05/12,12:39:30,1,113.2813
319,319,2020/05/12,12:39:45,1,0.0
321,321,2020/05/12,12:40:00,1,0.0
323,323,2020/05/12,12:40:15,1,0.0
325,325,2020/05/12,12:40:30,1,24.609379999999998
327,327,2020/05/12,12:40:45,1,74.84375
329,329,2020/05/12,12:41:00,1,113.5156
331,331,2020/05/12,12:41:15,1,88.67188
333,333,2020/05/12,12:41:30,1,0.0
335,335,2020/05/12,12:41:45,1,40.54688
337,337,2020/05/12,12:42:00,1,114.1406
339,339,2020/05/12,12:42:15,1,28.515629999999998
341,341,2020/05/12,12:42:30,1,70.46875
343,343,2020/05/12,12:42:45,1,0.0
345,345,2020/05/12,12:43:00,1,0.0
347,347,2020/05/12,12:43:15,1,0.0
349,349,2020/05/12,12:43:30,1,0.0
351,351,2020/05/12,12:43:45,1,0.0
353,353,2020/05/12,12:44:00,1,0.0
355,355,2020/05/12,12:44:15,1,0.0
357,357,2020/05/12,12:44:30,1,0.0
359,359,2020/05/12,12:44:45,1,0.0
361,361,2020/05/12,12:45:00,1,0.0
363,363,2020/05/12,12:45:15,1,0.0
365,365,2020/05/12,12:45:30,1,0.0
367,367,2020/05/12,12:45:45,1,0.0
369,369,2020/05/12,12:46:00,1,0.0
371,371,2020/05/12,12:46:15,1,0.0
373,373,2020/05/12,12:46:30,1,0.0
375,375,2020/05/12,12:46:45,1,0.0
377,377,2020/05/12,12:47:00,1,0.0
379,379,2020/05/12,12:47:15,1,0.0
381,381,2020/05/12,12:47:30,1,0.0
383,383,2020/05/12,12:47:45,1,0.0
385,385,2020/05/12,12:48:00,1,0.0
387,387,2020/05/12,12:48:15,1,0.0
389,389,2020/05/12,12:48:30,1,0.0
391,391,2020/05/12,12:48:45,1,0.0
393,393,2020/05/12,12:49:00,1,0.0
395,395,2020/05/12,12:49:15,1,0.0
397,397,2020/05/12,12:49:30,1,0.0
399,399,2020/05/12,12:49:45,1,0.0
401,401,2020/05/12,12:50:00,1,0.0
403,403,2020/05/12,12:50:15,1,0.0
405,405,2020/05/12,12:50:30,1,0.0
407,407,2020/05/12,12:50:45,1,0.0
409,409,2020/05/12,12:51:00,1,0.0
411,411,2020/05/12,12:51:15,1,0.0
413,413,2020/05/12,12:51:30,1,0.0
415,415,2020/05/12,12:51:45,1,0.0
417,417,2020/05/12,12:52:00,1,0.0
419,419,2020/05/12,12:52:15,1,0.0
421,421,2020/05/12,12:52:30,1,0.0
423,423,2020/05/12,12:52:45,1,0.0
425,425,2020/05/12,12:53:00,1,0.0
427,427,2020/05/12,12:53:15,1,0.0
429,429,2020/05/12,12:53:30,1,0.0
431,431,2020/05/12,12:53:45,1,0.0
433,433,2020/05/12,12:54:00,1,0.0
435,435,2020/05/12,12:54:15,1,0.0
437,437,2020/05/12,12:54:30,1,0.0
439,439,2020/05/12,12:54:45,1,0.0
441,441,2020/05/12,12:55:00,1,0.0
443,443,2020/05/12,12:55:15,1,0.0
445,445,2020/05/12,12:55:30,1,0.0
447,447,2020/05/12,12:55:45,1,0.0
449,449,2020/05/12,12:56:00,1,0.0
451,451,2020/05/12,12:56:15,1,0.0
453,453,2020/05/12,12:56:30,1,0.0
455,455,2020/05/12,12:56:45,1,0.0
457,457,2020/05/12,12:57:00,1,0.0
459,459,2020/05/12,12:57:15,1,0.0
461,461,2020/05/12,12:57:30,1,0.0
463,463,2020/05/12,12:57:45,1,0.0
465,465,2020/05/12,12:58:00,1,0.0
467,467,2020/05/12,12:58:15,1,0.0
469,469,2020/05/12,12:58:30,1,0.0
471,471,2020/05/12,12:58:45,1,0.0
473,473,2020/05/12,12:59:00,1,0.0
475,475,2020/05/12,12:59:15,1,0.0
477,477,2020/05/12,12:59:30,1,0.0
1,1,2020/05/12,13:00:00,1,0.0
3,3,2020/05/12,13:00:15,1,0.0
5,5,2020/05/12,13:00:30,1,0.0
7,7,2020/05/12,13:00:45,1,0.0
9,9,2020/05/12,13:01:00,1,0.0
11,11,2020/05/12,13:01:15,1,0.0
13,13,2020/05/12,13:01:30,1,0.0
15,15,2020/05/12,13:01:45,1,0.0
17,17,2020/05/12,13:02:00,1,0.0
19,19,2020/05/12,13:02:15,1,0.0
21,21,2020/05/12,13:02:30,1,0.0
23,23,2020/05/12,13:02:45,1,0.0
25,25,2020/05/12,13:03:00,1,0.0
27,27,2020/05/12,13:03:15,1,0.0
29,29,2020/05/12,13:03:30,1,0.0
31,31,2020/05/12,13:03:45,1,0.0
33,33,2020/05/12,13:04:00,1,99.375
35,35,2020/05/12,13:04:15,1,55.46875
37,37,2020/05/12,13:04:30,1,98.4375
39,39,2020/05/12,13:04:45,1,14.296879999999998
41,41,2020/05/12,13:05:00,1,10.15625
43,43,2020/05/12,13:05:15,1,99.21875
45,45,2020/05/12,13:05:30,1,91.32813
47,47,2020/05/12,13:05:45,1,139.4531
49,49,2020/05/12,13:06:00,1,0.0
51,51,2020/05/12,13:06:15,1,0.0
53,53,2020/05/12,13:06:30,1,0.0
55,55,2020/05/12,13:06:45,1,0.0
57,57,2020/05/12,13:07:00,1,0.0
59,59,2020/05/12,13:07:15,1,0.0
61,61,2020/05/12,13:07:30,1,0.0
63,63,2020/05/12,13:07:45,1,0.0
65,65,2020/05/12,13:08:00,1,0.0
67,67,2020/05/12,13:08:15,1,0.0
69,69,2020/05/12,13:08:30,1,0.0
71,71,2020/05/12,13:08:45,1,0.0
73,73,2020/05/12,13:09:00,1,0.0
75,75,2020/05/12,13:09:15,1,0.0
77,77,2020/05/12,13:09:30,1,0.0
79,79,2020/05/12,13:09:45,1,0.0
81,81,2020/05/12,13:10:00,1,0.0
83,83,2020/05/12,13:10:15,1,0.0
85,85,2020/05/12,13:10:30,1,0.0
87,87,2020/05/12,13:10:45,1,0.0
89,89,2020/05/12,13:11:00,1,0.0
91,91,2020/05/12,13:11:15,1,0.0
93,93,2020/05/12,13:11:30,1,0.0
95,95,2020/05/12,13:11:45,1,0.0
97,97,2020/05/12,13:12:00,1,0.0
99,99,2020/05/12,13:12:15,1,0.0
101,101,2020/05/12,13:12:30,1,0.0
103,103,2020/05/12,13:12:45,1,0.0
105,105,2020/05/12,13:13:00,1,0.0
107,107,2020/05/12,13:13:15,1,0.0
109,109,2020/05/12,13:13:30,1,0.0
111,111,2020/05/12,13:13:45,1,0.0
113,113,2020/05/12,13:14:00,1,0.0
115,115,2020/05/12,13:14:15,1,0.0
117,117,2020/05/12,13:14:30,1,0.0
119,119,2020/05/12,13:14:45,1,0.0
121,121,2020/05/12,13:15:00,1,0.0
123,123,2020/05/12,13:15:15,1,0.0
125,125,2020/05/12,13:15:30,1,0.0
127,127,2020/05/12,13:15:45,1,0.0
129,129,2020/05/12,13:16:00,1,0.0
131,131,2020/05/12,13:16:15,1,0.0
133,133,2020/05/12,13:16:30,1,0.0
135,135,2020/05/12,13:16:45,1,0.0
137,137,2020/05/12,13:17:00,1,0.0
139,139,2020/05/12,13:17:15,1,99.60938
141,141,2020/05/12,13:17:30,1,0.0
143,143,2020/05/12,13:17:45,1,105.0781
145,145,2020/05/12,13:18:00,1,62.1875
147,147,2020/05/12,13:18:15,1,0.0
149,149,2020/05/12,13:18:30,1,0.0
151,151,2020/05/12,13:18:45,1,104.1406
153,153,2020/05/12,13:19:00,1,74.29688
155,155,2020/05/12,13:19:15,1,0.0
157,157,2020/05/12,13:19:30,1,0.0
159,159,2020/05/12,13:19:45,1,0.0
161,161,2020/05/12,13:20:00,1,0.0
163,163,2020/05/12,13:20:15,1,0.0
165,165,2020/05/12,13:20:30,1,0.0
167,167,2020/05/12,13:20:45,1,0.0
169,169,2020/05/12,13:21:00,1,0.0
171,171,2020/05/12,13:21:15,1,0.0
173,173,2020/05/12,13:21:30,1,0.0
175,175,2020/05/12,13:21:45,1,0.0
177,177,2020/05/12,13:22:00,1,0.0
179,179,2020/05/12,13:22:15,1,0.0
181,181,2020/05/12,13:22:30,1,0.0
183,183,2020/05/12,13:22:45,1,0.0
185,185,2020/05/12,13:23:00,1,0.0
187,187,2020/05/12,13:23:15,1,0.0
189,189,2020/05/12,13:23:30,1,0.0
191,191,2020/05/12,13:23:45,1,0.0
193,193,2020/05/12,13:24:00,1,0.0
195,195,2020/05/12,13:24:15,1,57.89063
197,197,2020/05/12,13:24:30,1,0.0
199,199,2020/05/12,13:24:45,1,0.0
201,201,2020/05/12,13:25:00,1,0.0
203,203,2020/05/12,13:25:15,1,0.0
205,205,2020/05/12,13:25:30,1,0.0
207,207,2020/05/12,13:25:45,1,0.0
209,209,2020/05/12,13:26:00,1,0.0
211,211,2020/05/12,13:26:15,1,0.0
213,213,2020/05/12,13:26:30,1,0.0
215,215,2020/05/12,13:26:45,1,0.0
217,217,2020/05/12,13:27:00,1,0.0
219,219,2020/05/12,13:27:15,1,0.0
221,221,2020/05/12,13:27:30,1,0.0
223,223,2020/05/12,13:27:45,1,0.0
225,225,2020/05/12,13:28:00,1,0.0
227,227,2020/05/12,13:28:15,1,0.0
229,229,2020/05/12,13:28:30,1,0.0
231,231,2020/05/12,13:28:45,1,0.0
233,233,2020/05/12,13:29:00,1,0.0
235,235,2020/05/12,13:29:15,1,0.0
237,237,2020/05/12,13:29:30,1,0.0
239,239,2020/05/12,13:29:45,1,0.0
241,241,2020/05/12,13:30:00,1,0.0
243,243,2020/05/12,13:30:15,1,0.0
245,245,2020/05/12,13:30:30,1,0.0
247,247,2020/05/12,13:30:45,1,0.0
249,249,2020/05/12,13:31:00,1,0.0
251,251,2020/05/12,13:31:15,1,0.0
253,253,2020/05/12,13:31:30,1,0.0
255,255,2020/05/12,13:31:45,1,0.0
257,257,2020/05/12,13:32:00,1,0.0
259,259,2020/05/12,13:32:15,1,26.40625
261,261,2020/05/12,13:32:30,1,67.73438
263,263,2020/05/12,13:32:45,1,0.0
265,265,2020/05/12,13:33:00,1,0.0
267,267,2020/05/12,13:33:15,1,0.0
269,269,2020/05/12,13:33:30,1,0.0
271,271,2020/05/12,13:33:45,1,0.0
273,273,2020/05/12,13:34:00,1,0.0
275,275,2020/05/12,13:34:15,1,0.0
277,277,2020/05/12,13:34:30,1,0.0
279,279,2020/05/12,13:34:45,1,0.0
281,281,2020/05/12,13:35:00,1,0.0
283,283,2020/05/12,13:35:15,1,0.0
285,285,2020/05/12,13:35:30,1,0.0
287,287,2020/05/12,13:35:45,1,0.0
289,289,2020/05/12,13:36:00,1,0.0
291,291,2020/05/12,13:36:15,1,0.0
293,293,2020/05/12,13:36:30,1,101.6406
295,295,2020/05/12,13:36:45,1,60.70313
297,297,2020/05/12,13:37:00,1,0.0
299,299,2020/05/12,13:37:15,1,0.0
301,301,2020/05/12,13:37:30,1,0.0
303,303,2020/05/12,13:37:45,1,0.0
305,305,2020/05/12,13:38:00,1,0.0
307,307,2020/05/12,13:38:15,1,0.0
309,309,2020/05/12,13:38:30,1,53.4375
311,311,2020/05/12,13:38:45,1,83.98438
313,313,2020/05/12,13:39:00,1,0.0
315,315,2020/05/12,13:39:15,1,0.0
317,317,2020/05/12,13:39:30,1,0.0
319,319,2020/05/12,13:39:45,1,0.0
321,321,2020/05/12,13:40:00,1,0.0
323,323,2020/05/12,13:40:15,1,0.0
325,325,2020/05/12,13:40:30,1,0.0
327,327,2020/05/12,13:40:45,1,0.0
329,329,2020/05/12,13:41:00,1,0.0
331,331,2020/05/12,13:41:15,1,0.0
333,333,2020/05/12,13:41:30,1,0.0
335,335,2020/05/12,13:41:45,1,0.0
337,337,2020/05/12,13:42:00,1,0.0
339,339,2020/05/12,13:42:15,1,0.0
341,341,2020/05/12,13:42:30,1,0.0
343,343,2020/05/12,13:42:45,1,0.0
345,345,2020/05/12,13:43:00,1,0.0
347,347,2020/05/12,13:43:15,1,0.0
349,349,2020/05/12,13:43:30,1,0.0
351,351,2020/05/12,13:43:45,1,0.0
353,353,2020/05/12,13:44:00,1,0.0
355,355,2020/05/12,13:44:15,1,0.0
357,357,2020/05/12,13:44:30,1,0.0
359,359,2020/05/12,13:44:45,1,0.0
361,361,2020/05/12,13:45:00,1,0.0
363,363,2020/05/12,13:45:15,1,0.0
365,365,2020/05/12,13:45:30,1,0.0
367,367,2020/05/12,13:45:45,1,0.0
369,369,2020/05/12,13:46:00,1,0.0
371,371,2020/05/12,13:46:15,1,0.0
373,373,2020/05/12,13:46:30,1,0.0
375,375,2020/05/12,13:46:45,1,0.0
377,377,2020/05/12,13:47:00,1,0.0
379,379,2020/05/12,13:47:15,1,0.0
381,381,2020/05/12,13:47:30,1,0.0
383,383,2020/05/12,13:47:45,1,0.0
385,385,2020/05/12,13:48:00,1,0.0
387,387,2020/05/12,13:48:15,1,0.0
389,389,2020/05/12,13:48:30,1,0.0
391,391,2020/05/12,13:48:45,1,0.0
393,393,2020/05/12,13:49:00,1,0.0
395,395,2020/05/12,13:49:15,1,0.0
397,397,2020/05/12,13:49:30,1,0.0
399,399,2020/05/12,13:49:45,1,0.0
401,401,2020/05/12,13:50:00,1,0.0
403,403,2020/05/12,13:50:15,1,0.0
405,405,2020/05/12,13:50:30,1,0.0
407,407,2020/05/12,13:50:45,1,0.0
409,409,2020/05/12,13:51:00,1,0.0
411,411,2020/05/12,13:51:15,1,0.0
413,413,2020/05/12,13:51:30,1,0.0
415,415,2020/05/12,13:51:45,1,0.0
417,417,2020/05/12,13:52:00,1,0.0
419,419,2020/05/12,13:52:15,1,0.0
421,421,2020/05/12,13:52:30,1,0.0
423,423,2020/05/12,13:52:45,1,0.0
425,425,2020/05/12,13:53:00,1,0.0
427,427,2020/05/12,13:53:15,1,0.0
429,429,2020/05/12,13:53:30,1,0.0
431,431,2020/05/12,13:53:45,1,0.0
433,433,2020/05/12,13:54:00,1,0.0
435,435,2020/05/12,13:54:15,1,0.0
437,437,2020/05/12,13:54:30,1,0.0
439,439,2020/05/12,13:54:45,1,0.0
441,441,2020/05/12,13:55:00,1,0.0
443,443,2020/05/12,13:55:15,1,0.0
445,445,2020/05/12,13:55:30,1,0.0
447,447,2020/05/12,13:55:45,1,0.0
449,449,2020/05/12,13:56:00,1,0.0
451,451,2020/05/12,13:56:15,1,0.0
453,453,2020/05/12,13:56:30,1,0.0
455,455,2020/05/12,13:56:45,1,0.0
457,457,2020/05/12,13:57:00,1,0.0
459,459,2020/05/12,13:57:15,1,0.0
461,461,2020/05/12,13:57:30,1,15.078129999999998
463,463,2020/05/12,13:57:45,1,0.0
465,465,2020/05/12,13:58:00,1,0.0
467,467,2020/05/12,13:58:15,1,0.0
469,469,2020/05/12,13:58:30,1,0.0
471,471,2020/05/12,13:58:45,1,0.0
473,473,2020/05/12,13:59:00,1,0.0
475,475,2020/05/12,13:59:15,1,0.0
477,477,2020/05/12,13:59:30,1,0.0
0,0,2020/05/12,14:00:00,1,0.0
2,2,2020/05/12,14:00:15,1,0.0
4,4,2020/05/12,14:00:30,1,0.0
6,6,2020/05/12,14:00:45,1,0.0
8,8,2020/05/12,14:01:00,1,0.0
10,10,2020/05/12,14:01:15,1,0.0
12,12,2020/05/12,14:01:30,1,0.0
14,14,2020/05/12,14:01:45,1,0.0
16,16,2020/05/12,14:02:00,1,0.0
18,18,2020/05/12,14:02:15,1,0.0
20,20,2020/05/12,14:02:30,1,0.0
22,22,2020/05/12,14:02:45,1,0.0
24,24,2020/05/12,14:03:00,1,0.0
26,26,2020/05/12,14:03:15,1,0.0
28,28,2020/05/12,14:03:30,1,0.0
30,30,2020/05/12,14:03:45,1,0.0
32,32,2020/05/12,14:04:00,1,0.0
34,34,2020/05/12,14:04:15,1,0.0
36,36,2020/05/12,14:04:30,1,0.0
38,38,2020/05/12,14:04:45,1,30.9375
40,40,2020/05/12,14:05:00,1,0.0
42,42,2020/05/12,14:05:15,1,85.78125
44,44,2020/05/12,14:05:30,1,46.64063
46,46,2020/05/12,14:05:45,1,35.70313
48,48,2020/05/12,14:06:00,1,0.0
50,50,2020/05/12,14:06:15,1,99.29688
52,52,2020/05/12,14:06:30,1,102.6563
54,54,2020/05/12,14:06:45,1,25.9375
56,56,2020/05/12,14:07:00,1,69.92188
58,58,2020/05/12,14:07:15,1,85.23438
60,60,2020/05/12,14:07:30,1,71.5625
62,62,2020/05/12,14:07:45,1,35.54688
64,64,2020/05/12,14:08:00,1,56.40625
66,66,2020/05/12,14:08:15,1,55.39063
68,68,2020/05/12,14:08:30,1,0.0
70,70,2020/05/12,14:08:45,1,0.0
72,72,2020/05/12,14:09:00,1,0.0
74,74,2020/05/12,14:09:15,1,0.0
76,76,2020/05/12,14:09:30,1,60.3125
78,78,2020/05/12,14:09:45,1,34.6875
80,80,2020/05/12,14:10:00,1,8.359375
82,82,2020/05/12,14:10:15,1,0.0
84,84,2020/05/12,14:10:30,1,0.0
86,86,2020/05/12,14:10:45,1,0.0
88,88,2020/05/12,14:11:00,1,0.0
90,90,2020/05/12,14:11:15,1,0.0
92,92,2020/05/12,14:11:30,1,0.0
94,94,2020/05/12,14:11:45,1,0.0
96,96,2020/05/12,14:12:00,1,0.0
98,98,2020/05/12,14:12:15,1,0.0
100,100,2020/05/12,14:12:30,1,0.0
102,102,2020/05/12,14:12:45,1,0.0
104,104,2020/05/12,14:13:00,1,0.0
106,106,2020/05/12,14:13:15,1,0.0
108,108,2020/05/12,14:13:30,1,0.0
110,110,2020/05/12,14:13:45,1,0.0
112,112,2020/05/12,14:14:00,1,25.46875
114,114,2020/05/12,14:14:15,1,86.09375
116,116,2020/05/12,14:14:30,1,0.0
118,118,2020/05/12,14:14:45,1,0.0
120,120,2020/05/12,14:15:00,1,0.0
122,122,2020/05/12,14:15:15,1,0.0
124,124,2020/05/12,14:15:30,1,0.0
126,126,2020/05/12,14:15:45,1,0.0
128,128,2020/05/12,14:16:00,1,99.0625
130,130,2020/05/12,14:16:15,1,0.0
132,132,2020/05/12,14:16:30,1,20.9375
134,134,2020/05/12,14:16:45,1,0.0
136,136,2020/05/12,14:17:00,1,0.0
138,138,2020/05/12,14:17:15,1,0.0
140,140,2020/05/12,14:17:30,1,0.0
142,142,2020/05/12,14:17:45,1,0.0
144,144,2020/05/12,14:18:00,1,0.0
146,146,2020/05/12,14:18:15,1,0.0
148,148,2020/05/12,14:18:30,1,0.0
150,150,2020/05/12,14:18:45,1,0.0
152,152,2020/05/12,14:19:00,1,0.0
154,154,2020/05/12,14:19:15,1,0.0
156,156,2020/05/12,14:19:30,1,0.0
158,158,2020/05/12,14:19:45,1,0.0
160,160,2020/05/12,14:20:00,1,99.14063
162,162,2020/05/12,14:20:15,1,99.14063
164,164,2020/05/12,14:20:30,1,45.70313
166,166,2020/05/12,14:20:45,1,0.0
168,168,2020/05/12,14:21:00,1,0.0
170,170,2020/05/12,14:21:15,1,0.0
172,172,2020/05/12,14:21:30,1,57.42188
174,174,2020/05/12,14:21:45,1,57.8125
176,176,2020/05/12,14:22:00,1,45.15625
178,178,2020/05/12,14:22:15,1,0.0
180,180,2020/05/12,14:22:30,1,0.0
182,182,2020/05/12,14:22:45,1,0.0
184,184,2020/05/12,14:23:00,1,0.0
186,186,2020/05/12,14:23:15,1,0.0
188,188,2020/05/12,14:23:30,1,0.0
190,190,2020/05/12,14:23:45,1,0.0
192,192,2020/05/12,14:24:00,1,0.0
194,194,2020/05/12,14:24:15,1,0.0
196,196,2020/05/12,14:24:30,1,0.0
198,198,2020/05/12,14:24:45,1,0.0
200,200,2020/05/12,14:25:00,1,0.0
202,202,2020/05/12,14:25:15,1,0.0
204,204,2020/05/12,14:25:30,1,0.0
206,206,2020/05/12,14:25:45,1,0.0
208,208,2020/05/12,14:26:00,1,0.0
210,210,2020/05/12,14:26:15,1,0.0
212,212,2020/05/12,14:26:30,1,0.0
214,214,2020/05/12,14:26:45,1,0.0
216,216,2020/05/12,14:27:00,1,0.0
218,218,2020/05/12,14:27:15,1,0.0
220,220,2020/05/12,14:27:30,1,0.0
222,222,2020/05/12,14:27:45,1,0.0
224,224,2020/05/12,14:28:00,1,0.0
226,226,2020/05/12,14:28:15,1,0.0
228,228,2020/05/12,14:28:30,1,0.0
230,230,2020/05/12,14:28:45,1,0.0
232,232,2020/05/12,14:29:00,1,0.0
234,234,2020/05/12,14:29:15,1,0.0
236,236,2020/05/12,14:29:30,1,0.0
238,238,2020/05/12,14:29:45,1,0.0
240,240,2020/05/12,14:30:00,1,0.0
242,242,2020/05/12,14:30:15,1,0.0
244,244,2020/05/12,14:30:30,1,0.0
246,246,2020/05/12,14:30:45,1,0.0
248,248,2020/05/12,14:31:00,1,0.0
250,250,2020/05/12,14:31:15,1,0.0
252,252,2020/05/12,14:31:30,1,0.0
254,254,2020/05/12,14:31:45,1,0.0
256,256,2020/05/12,14:32:00,1,0.0
258,258,2020/05/12,14:32:15,1,0.0
260,260,2020/05/12,14:32:30,1,0.0
262,262,2020/05/12,14:32:45,1,0.0
264,264,2020/05/12,14:33:00,1,0.0
266,266,2020/05/12,14:33:15,1,0.0
268,268,2020/05/12,14:33:30,1,0.0
270,270,2020/05/12,14:33:45,1,0.0
272,272,2020/05/12,14:34:00,1,0.0
274,274,2020/05/12,14:34:15,1,0.0
276,276,2020/05/12,14:34:30,1,0.0
278,278,2020/05/12,14:34:45,1,0.0
280,280,2020/05/12,14:35:00,1,0.0
282,282,2020/05/12,14:35:15,1,0.0
284,284,2020/05/12,14:35:30,1,0.0
286,286,2020/05/12,14:35:45,1,0.0
288,288,2020/05/12,14:36:00,1,0.0
290,290,2020/05/12,14:36:15,1,0.0
292,292,2020/05/12,14:36:30,1,0.0
294,294,2020/05/12,14:36:45,1,0.0
296,296,2020/05/12,14:37:00,1,0.0
298,298,2020/05/12,14:37:15,1,0.0
300,300,2020/05/12,14:37:30,1,0.0
302,302,2020/05/12,14:37:45,1,0.0
304,304,2020/05/12,14:38:00,1,0.0
306,306,2020/05/12,14:38:15,1,0.0
308,308,2020/05/12,14:38:30,1,0.0
310,310,2020/05/12,14:38:45,1,0.0
312,312,2020/05/12,14:39:00,1,0.0
314,314,2020/05/12,14:39:15,1,0.0
316,316,2020/05/12,14:39:30,1,45.07813
318,318,2020/05/12,14:39:45,1,111.6406
320,320,2020/05/12,14:40:00,1,102.8125
322,322,2020/05/12,14:40:15,1,14.6875
324,324,2020/05/12,14:40:30,1,23.671879999999998
326,326,2020/05/12,14:40:45,1,99.92188
328,328,2020/05/12,14:41:00,1,0.0
330,330,2020/05/12,14:41:15,1,94.84375
332,332,2020/05/12,14:41:30,1,96.01563
334,334,2020/05/12,14:41:45,1,0.0
336,336,2020/05/12,14:42:00,1,113.8281
338,338,2020/05/12,14:42:15,1,0.0
340,340,2020/05/12,14:42:30,1,17.96875
342,342,2020/05/12,14:42:45,1,95.23438
344,344,2020/05/12,14:43:00,1,0.0
346,346,2020/05/12,14:43:15,1,0.0
348,348,2020/05/12,14:43:30,1,0.0
350,350,2020/05/12,14:43:45,1,0.0
352,352,2020/05/12,14:44:00,1,0.0
354,354,2020/05/12,14:44:15,1,106.4063
356,356,2020/05/12,14:44:30,1,54.45313
358,358,2020/05/12,14:44:45,1,0.0
360,360,2020/05/12,14:45:00,1,51.25
362,362,2020/05/12,14:45:15,1,73.20313
364,364,2020/05/12,14:45:30,1,0.0
366,366,2020/05/12,14:45:45,1,114.4531
368,368,2020/05/12,14:46:00,1,74.14063
370,370,2020/05/12,14:46:15,1,94.53125
372,372,2020/05/12,14:46:30,1,114.1406
374,374,2020/05/12,14:46:45,1,44.0625
376,376,2020/05/12,14:47:00,1,43.04688
378,378,2020/05/12,14:47:15,1,99.84375
380,380,2020/05/12,14:47:30,1,30.3125
382,382,2020/05/12,14:47:45,1,60.07813
384,384,2020/05/12,14:48:00,1,113.8281
386,386,2020/05/12,14:48:15,1,0.0
388,388,2020/05/12,14:48:30,1,0.0
390,390,2020/05/12,14:48:45,1,0.0
392,392,2020/05/12,14:49:00,1,0.0
394,394,2020/05/12,14:49:15,1,0.0
396,396,2020/05/12,14:49:30,1,0.0
398,398,2020/05/12,14:49:45,1,0.0
400,400,2020/05/12,14:50:00,1,0.0
402,402,2020/05/12,14:50:15,1,0.0
404,404,2020/05/12,14:50:30,1,0.0
406,406,2020/05/12,14:50:45,1,0.0
408,408,2020/05/12,14:51:00,1,0.0
410,410,2020/05/12,14:51:15,1,0.0
412,412,2020/05/12,14:51:30,1,0.0
414,414,2020/05/12,14:51:45,1,0.0
416,416,2020/05/12,14:52:00,1,0.0
418,418,2020/05/12,14:52:15,1,0.0
420,420,2020/05/12,14:52:30,1,0.0
422,422,2020/05/12,14:52:45,1,0.0
424,424,2020/05/12,14:53:00,1,0.0
426,426,2020/05/12,14:53:15,1,0.0
428,428,2020/05/12,14:53:30,1,0.0
430,430,2020/05/12,14:53:45,1,0.0
432,432,2020/05/12,14:54:00,1,0.0
434,434,2020/05/12,14:54:15,1,0.0
436,436,2020/05/12,14:54:30,1,0.0
438,438,2020/05/12,14:54:45,1,0.0
440,440,2020/05/12,14:55:00,1,0.0
442,442,2020/05/12,14:55:15,1,0.0
444,444,2020/05/12,14:55:30,1,0.0
446,446,2020/05/12,14:55:45,1,0.0
448,448,2020/05/12,14:56:00,1,0.0
450,450,2020/05/12,14:56:15,1,60.23438
452,452,2020/05/12,14:56:30,1,16.171879999999998
454,454,2020/05/12,14:56:45,1,0.0
456,456,2020/05/12,14:57:00,1,0.0
458,458,2020/05/12,14:57:15,1,95.31251
460,460,2020/05/12,14:57:30,1,115.3906
462,462,2020/05/12,14:57:45,1,34.60938
464,464,2020/05/12,14:58:00,1,44.76563
466,466,2020/05/12,14:58:15,1,101.6406
468,468,2020/05/12,14:58:30,1,32.26563
470,470,2020/05/12,14:58:45,1,114.2969
472,472,2020/05/12,14:59:00,1,0.0
474,474,2020/05/12,14:59:15,1,115.1563
476,476,2020/05/12,14:59:30,1,97.8125
0,0,2020/05/12,15:00:00,1,30.390629999999998
2,2,2020/05/12,15:00:15,1,41.17188
4,4,2020/05/12,15:00:30,1,114.6094
6,6,2020/05/12,15:00:45,1,61.79688
8,8,2020/05/12,15:01:00,1,86.17189
10,10,2020/05/12,15:01:15,1,114.8438
12,12,2020/05/12,15:01:30,1,0.0
14,14,2020/05/12,15:01:45,1,0.0
16,16,2020/05/12,15:02:00,1,0.0
18,18,2020/05/12,15:02:15,1,0.0
20,20,2020/05/12,15:02:30,1,0.0
22,22,2020/05/12,15:02:45,1,99.92188
24,24,2020/05/12,15:03:00,1,0.0
26,26,2020/05/12,15:03:15,1,28.59375
28,28,2020/05/12,15:03:30,1,0.0
30,30,2020/05/12,15:03:45,1,7.734375
32,32,2020/05/12,15:04:00,1,60.70313
34,34,2020/05/12,15:04:15,1,134.2969
36,36,2020/05/12,15:04:30,1,113.4375
38,38,2020/05/12,15:04:45,1,0.0
40,40,2020/05/12,15:05:00,1,69.76563
42,42,2020/05/12,15:05:15,1,61.01563
44,44,2020/05/12,15:05:30,1,0.0
46,46,2020/05/12,15:05:45,1,115.0
48,48,2020/05/12,15:06:00,1,61.64063
50,50,2020/05/12,15:06:15,1,101.7188
52,52,2020/05/12,15:06:30,1,0.0
54,54,2020/05/12,15:06:45,1,0.0
56,56,2020/05/12,15:07:00,1,0.0
58,58,2020/05/12,15:07:15,1,0.0
60,60,2020/05/12,15:07:30,1,0.0
62,62,2020/05/12,15:07:45,1,0.0
64,64,2020/05/12,15:08:00,1,0.0
66,66,2020/05/12,15:08:15,1,0.0
68,68,2020/05/12,15:08:30,1,0.0
70,70,2020/05/12,15:08:45,1,0.0
72,72,2020/05/12,15:09:00,1,0.0
74,74,2020/05/12,15:09:15,1,0.0
76,76,2020/05/12,15:09:30,1,0.0
78,78,2020/05/12,15:09:45,1,0.0
80,80,2020/05/12,15:10:00,1,0.0
82,82,2020/05/12,15:10:15,1,0.0
84,84,2020/05/12,15:10:30,1,0.0
86,86,2020/05/12,15:10:45,1,0.0
88,88,2020/05/12,15:11:00,1,0.0
90,90,2020/05/12,15:11:15,1,0.0
92,92,2020/05/12,15:11:30,1,0.0
94,94,2020/05/12,15:11:45,1,0.0
96,96,2020/05/12,15:12:00,1,0.0
98,98,2020/05/12,15:12:15,1,0.0
100,100,2020/05/12,15:12:30,1,0.0
102,102,2020/05/12,15:12:45,1,0.0
104,104,2020/05/12,15:13:00,1,0.0
106,106,2020/05/12,15:13:15,1,0.0
108,108,2020/05/12,15:13:30,1,0.0
110,110,2020/05/12,15:13:45,1,0.0
112,112,2020/05/12,15:14:00,1,0.0
114,114,2020/05/12,15:14:15,1,0.0
116,116,2020/05/12,15:14:30,1,0.0
118,118,2020/05/12,15:14:45,1,0.0
120,120,2020/05/12,15:15:00,1,0.0
122,122,2020/05/12,15:15:15,1,0.0
124,124,2020/05/12,15:15:30,1,0.0
126,126,2020/05/12,15:15:45,1,0.0
128,128,2020/05/12,15:16:00,1,0.0
130,130,2020/05/12,15:16:15,1,0.0
132,132,2020/05/12,15:16:30,1,0.0
134,134,2020/05/12,15:16:45,1,0.0
136,136,2020/05/12,15:17:00,1,0.0
138,138,2020/05/12,15:17:15,1,0.0
140,140,2020/05/12,15:17:30,1,0.0
142,142,2020/05/12,15:17:45,1,0.0
144,144,2020/05/12,15:18:00,1,0.0
146,146,2020/05/12,15:18:15,1,0.0
148,148,2020/05/12,15:18:30,1,0.0
150,150,2020/05/12,15:18:45,1,0.0
152,152,2020/05/12,15:19:00,1,0.0
154,154,2020/05/12,15:19:15,1,0.0
156,156,2020/05/12,15:19:30,1,0.0
158,158,2020/05/12,15:19:45,1,0.0
160,160,2020/05/12,15:20:00,1,0.0
162,162,2020/05/12,15:20:15,1,0.0
164,164,2020/05/12,15:20:30,1,114.4531
166,166,2020/05/12,15:20:45,1,45.46875
168,168,2020/05/12,15:21:00,1,0.0
170,170,2020/05/12,15:21:15,1,99.53125
172,172,2020/05/12,15:21:30,1,99.21875
174,174,2020/05/12,15:21:45,1,0.0
176,176,2020/05/12,15:22:00,1,115.3125
178,178,2020/05/12,15:22:15,1,0.0
180,180,2020/05/12,15:22:30,1,0.0
182,182,2020/05/12,15:22:45,1,0.0
184,184,2020/05/12,15:23:00,1,0.0
186,186,2020/05/12,15:23:15,1,0.0
188,188,2020/05/12,15:23:30,1,99.53125
190,190,2020/05/12,15:23:45,1,0.0
192,192,2020/05/12,15:24:00,1,96.17188
194,194,2020/05/12,15:24:15,1,0.0
196,196,2020/05/12,15:24:30,1,101.0156
198,198,2020/05/12,15:24:45,1,14.0625
200,200,2020/05/12,15:25:00,1,21.25
202,202,2020/05/12,15:25:15,1,21.25
204,204,2020/05/12,15:25:30,1,20.078129999999998
206,206,2020/05/12,15:25:45,1,87.50001
208,208,2020/05/12,15:26:00,1,33.59375
210,210,2020/05/12,15:26:15,1,58.75
212,212,2020/05/12,15:26:30,1,0.0
214,214,2020/05/12,15:26:45,1,0.0
216,216,2020/05/12,15:27:00,1,0.0
218,218,2020/05/12,15:27:15,1,0.0
220,220,2020/05/12,15:27:30,1,0.0
222,222,2020/05/12,15:27:45,1,0.0
224,224,2020/05/12,15:28:00,1,0.0
226,226,2020/05/12,15:28:15,1,11.79688
228,228,2020/05/12,15:28:30,1,86.71875
230,230,2020/05/12,15:28:45,1,31.015629999999998
232,232,2020/05/12,15:29:00,1,61.09375
234,234,2020/05/12,15:29:15,1,0.0
236,236,2020/05/12,15:29:30,1,114.6094
238,238,2020/05/12,15:29:45,1,57.34375
240,240,2020/05/12,15:30:00,1,95.31251
242,242,2020/05/12,15:30:15,1,38.67188
244,244,2020/05/12,15:30:30,1,0.0
246,246,2020/05/12,15:30:45,1,0.0
248,248,2020/05/12,15:31:00,1,0.0
250,250,2020/05/12,15:31:15,1,0.0
252,252,2020/05/12,15:31:30,1,0.0
254,254,2020/05/12,15:31:45,1,0.0
256,256,2020/05/12,15:32:00,1,0.0
258,258,2020/05/12,15:32:15,1,0.0
260,260,2020/05/12,15:32:30,1,0.0
262,262,2020/05/12,15:32:45,1,0.0
264,264,2020/05/12,15:33:00,1,0.0
266,266,2020/05/12,15:33:15,1,0.0
268,268,2020/05/12,15:33:30,1,0.0
270,270,2020/05/12,15:33:45,1,0.0
272,272,2020/05/12,15:34:00,1,0.0
274,274,2020/05/12,15:34:15,1,0.0
276,276,2020/05/12,15:34:30,1,0.0
278,278,2020/05/12,15:34:45,1,0.0
280,280,2020/05/12,15:35:00,1,0.0
282,282,2020/05/12,15:35:15,1,0.0
284,284,2020/05/12,15:35:30,1,0.0
286,286,2020/05/12,15:35:45,1,0.0
288,288,2020/05/12,15:36:00,1,0.0
290,290,2020/05/12,15:36:15,1,0.0
292,292,2020/05/12,15:36:30,1,0.0
294,294,2020/05/12,15:36:45,1,0.0
296,296,2020/05/12,15:37:00,1,0.0
298,298,2020/05/12,15:37:15,1,0.0
300,300,2020/05/12,15:37:30,1,0.0
302,302,2020/05/12,15:37:45,1,0.0
304,304,2020/05/12,15:38:00,1,0.0
306,306,2020/05/12,15:38:15,1,0.0
308,308,2020/05/12,15:38:30,1,0.0
310,310,2020/05/12,15:38:45,1,0.0
312,312,2020/05/12,15:39:00,1,0.0
314,314,2020/05/12,15:39:15,1,0.0
316,316,2020/05/12,15:39:30,1,0.0
318,318,2020/05/12,15:39:45,1,0.0
320,320,2020/05/12,15:40:00,1,0.0
322,322,2020/05/12,15:40:15,1,0.0
324,324,2020/05/12,15:40:30,1,109.9219
326,326,2020/05/12,15:40:45,1,95.46873000000001
328,328,2020/05/12,15:41:00,1,114.9219
330,330,2020/05/12,15:41:15,1,98.67188
332,332,2020/05/12,15:41:30,1,0.0
334,334,2020/05/12,15:41:45,1,0.0
336,336,2020/05/12,15:42:00,1,0.0
338,338,2020/05/12,15:42:15,1,0.0
340,340,2020/05/12,15:42:30,1,0.0
342,342,2020/05/12,15:42:45,1,0.0
344,344,2020/05/12,15:43:00,1,0.0
346,346,2020/05/12,15:43:15,1,114.6094
348,348,2020/05/12,15:43:30,1,68.35938
350,350,2020/05/12,15:43:45,1,115.5469
352,352,2020/05/12,15:44:00,1,98.51563
354,354,2020/05/12,15:44:15,1,0.0
356,356,2020/05/12,15:44:30,1,0.0
358,358,2020/05/12,15:44:45,1,0.0
360,360,2020/05/12,15:45:00,1,0.0
362,362,2020/05/12,15:45:15,1,0.0
364,364,2020/05/12,15:45:30,1,0.0
366,366,2020/05/12,15:45:45,1,0.0
368,368,2020/05/12,15:46:00,1,0.0
370,370,2020/05/12,15:46:15,1,0.0
372,372,2020/05/12,15:46:30,1,0.0
374,374,2020/05/12,15:46:45,1,0.0
376,376,2020/05/12,15:47:00,1,0.0
378,378,2020/05/12,15:47:15,1,0.0
380,380,2020/05/12,15:47:30,1,0.0
382,382,2020/05/12,15:47:45,1,0.0
384,384,2020/05/12,15:48:00,1,0.0
386,386,2020/05/12,15:48:15,1,81.79686
388,388,2020/05/12,15:48:30,1,60.9375
390,390,2020/05/12,15:48:45,1,14.21875
392,392,2020/05/12,15:49:00,1,98.51563
394,394,2020/05/12,15:49:15,1,102.3438
396,396,2020/05/12,15:49:30,1,0.0
398,398,2020/05/12,15:49:45,1,110.0
400,400,2020/05/12,15:50:00,1,14.6875
402,402,2020/05/12,15:50:15,1,40.85938
404,404,2020/05/12,15:50:30,1,19.609379999999998
406,406,2020/05/12,15:50:45,1,113.9063
408,408,2020/05/12,15:51:00,1,100.9375
410,410,2020/05/12,15:51:15,1,71.40625
412,412,2020/05/12,15:51:30,1,99.375
414,414,2020/05/12,15:51:45,1,0.0
416,416,2020/05/12,15:52:00,1,0.0
418,418,2020/05/12,15:52:15,1,0.0
420,420,2020/05/12,15:52:30,1,69.92188
422,422,2020/05/12,15:52:45,1,35.78125
424,424,2020/05/12,15:53:00,1,66.17186
426,426,2020/05/12,15:53:15,1,25.234379999999998
428,428,2020/05/12,15:53:30,1,0.0
430,430,2020/05/12,15:53:45,1,0.0
432,432,2020/05/12,15:54:00,1,0.0
434,434,2020/05/12,15:54:15,1,0.0
436,436,2020/05/12,15:54:30,1,111.0938
438,438,2020/05/12,15:54:45,1,22.5
440,440,2020/05/12,15:55:00,1,29.0625
442,442,2020/05/12,15:55:15,1,0.0
444,444,2020/05/12,15:55:30,1,114.2969
446,446,2020/05/12,15:55:45,1,0.0
448,448,2020/05/12,15:56:00,1,27.734379999999998
450,450,2020/05/12,15:56:15,1,16.71875
452,452,2020/05/12,15:56:30,1,16.015629999999998
454,454,2020/05/12,15:56:45,1,89.0625
456,456,2020/05/12,15:57:00,1,108.125
458,458,2020/05/12,15:57:15,1,114.8438
460,460,2020/05/12,15:57:30,1,100.0
462,462,2020/05/12,15:57:45,1,109.6094
464,464,2020/05/12,15:58:00,1,0.0
466,466,2020/05/12,15:58:15,1,49.6875
468,468,2020/05/12,15:58:30,1,24.296879999999998
470,470,2020/05/12,15:58:45,1,0.0
472,472,2020/05/12,15:59:00,1,74.76563
474,474,2020/05/12,15:59:15,1,0.0
476,476,2020/05/12,15:59:30,1,74.375
